video_id,category,hour1_views,hour1_likes,hour1_comments,subscriber_count,avg_last10_views,duration_seconds,final_views
Nye5s-l_Hm4,Entertainment,364,19,0,17000,624.0,18,1064
-eo16zbLpfU,People & Blogs,811,50,8,37000,5272.5,70,7738
1XSK8N0fHbA,Howto & Style,262,5,0,64900,8388.5,21,9433
yf63SQpSTtw,People & Blogs,684,28,0,34500,776.8,23,1320
hXxL8KUEBXA,Science & Technology,737,7,0,44800,4321.7,9,3768
PgFadEW3VPM,People & Blogs,1214,43,6,29200,46981.4,64,19177
XpM27VlM9Hk,Howto & Style,195,48,6,26400,4040.6,413,2826
yjphZ4EMhh4,Entertainment,438,55,13,31900,29712.2,1223,7313
Mo-8pVwlMHs,People & Blogs,747,53,0,60300,190.1,173,4045
qFaabMtELv8,Howto & Style,641,17,0,14300,1280.1,59,1363
hClv7XGX4MQ,People & Blogs,950,0,2,17100,12081.0,49,19287
A-k1iErnWPs,People & Blogs,867,13,0,12100,1174.2,54,1521
Oj70M7WQP2k,People & Blogs,410,0,0,17400,1862.4,65,1401
5LREWBPfDGQ,People & Blogs,654,9,1,11000,884.4,60,2501
SiyJBK5ZJAs,People & Blogs,497,12,0,25900,20534.8,31,6270
VLko5oBWx70,Sports,2213,77,0,91900,8901.9,0,17272
8t826XvV7vw,Howto & Style,644,41,5,18000,61610.7,59,31785
yLgCet0JqJs,People & Blogs,927,0,0,10100,4864.4,41,2022
is1z5gd46DM,Entertainment,564,16,0,92400,1987.0,50,3757
Fw5vlcD7VCY,Autos & Vehicles,36,18,0,20200,2539.9,904,3362
Lu0nkNQaWZ4,Entertainment,4938,0,3,91900,24838.6,26,28047
1y22olRXAz0,Gaming,321,43,6,13600,59917.0,70,10151
3IKsRKbwYLk,People & Blogs,13228,887,19,26000,197220.3,58,191525
fWocmEI5C2s,People & Blogs,4950,287,1,87400,14164.1,49,71170
DBe2ej3Z1RY,People & Blogs,708,0,0,93700,1037.3,26,1048
TgwxzLExoyE,People & Blogs,4770,0,3,12100,11628.4,26,25349
djXlXsPJv_8,People & Blogs,9267,889,19,69100,71868.6,85,299681
R4zp7vulnE8,People & Blogs,270,18,1,23600,8669.7,75,4379
LrCJGE9BwTY,People & Blogs,402,52,2,15700,6105.2,63,6282
SETIbv51t2c,People & Blogs,285,0,0,14000,2389.1,60,1223
2sYOhnHfoMo,People & Blogs,687,23,0,18700,7536.1,90,3900
R7AVd3WhQ1I,People & Blogs,5190,735,24,65700,27362.1,69,40992
kPDoVEx00As,People & Blogs,889,10,0,13800,2119.1,35,13047
cCMvyt66eBA,Science & Technology,1473,12,0,44800,4587.6,9,16950
r-TdxOyO1Oo,People & Blogs,37,2,0,60400,40.0,63,262
ze21zDV-UB0,Music,38,7,4,45600,266.5,549,254
esL1F-Vlmdw,People & Blogs,1545,91,0,60400,40.0,74,20490
6zoWs6pUxpo,People & Blogs,5513,251,15,49300,31328.4,9,102866
cuO8vGJUNMo,People & Blogs,51,2,0,16300,3329.4,28,315
Me7FKiSKJlU,Gaming,296,3,0,61100,1669.1,25,1720
S_RrQvAmaCM,Comedy,4475,304,29,98600,45928.2,69,37451
NoyFTUV6Qzw,People & Blogs,620,109,9,26600,9660.7,1859,7580
q9jKDARnxQ8,People & Blogs,207,10,0,18000,960.9,42,950
EngvIo_TXPU,Music,330,42,0,22900,3899.2,23,1115
BHvJILZcwxM,News & Politics,216,30,9,17600,1400.0,510,2068
ixnE7hZCJZI,Gaming,523,69,2,29600,6151.4,99,12066
8duZ0zgkLVM,People & Blogs,3901,469,55,48500,16272.3,84,21313
kbH5I76Idbk,People & Blogs,1682,69,1,44400,7130.4,71,16573
IILe43FGZsY,People & Blogs,432,103,25,13300,3422.3,2073,8678
rNckbqLFbkg,People & Blogs,290,2,0,15800,2036.3,10,1239
QcVL63rFV8Y,People & Blogs,649,51,3,19900,1419.9,736,3006
-F9ElFr0xgU,Entertainment,303,38,5,11400,692.3,1142,1695
kb8G8CCUn4k,People & Blogs,263,15,2,16300,2469.6,48,673
etZSILS5_h8,Entertainment,633,20,0,18800,63903.5,25,23894
NhTAanDmjmI,Gaming,496,82,5,62400,6437.6,907,5821
E0Sy8WBZt7I,People & Blogs,406,16,6,16900,5661.9,724,4441
l4KkhTuSqwI,Unknown,463,86,1,17700,2473.6,0,3640
fcQboPj2pyk,Entertainment,5,1,0,43100,2782.7,1586,48
yrt_qDW5AUQ,People & Blogs,63,4,0,16300,2469.7,39,213
vjHF-L4mbKs,Gaming,365,19,11,69300,13559.2,852,5828
fcS1keSQGjo,People & Blogs,1332,303,40,42300,15134.5,763,17481
I7qp8ZrBwTE,People & Blogs,301,4,4,65100,82719.9,4191,122087
zZbsK0OSFq4,Entertainment,269,0,0,17800,101.9,29,347
70MI7NHYt84,Gaming,439,271,69,65600,20019.8,3335,9471
rxUxuJ9mkLo,Pets & Animals,102,37,8,58500,713.7,1096,995
U4PimTZHt_E,People & Blogs,2443,155,12,16600,8156.2,52,57556
99sn0-OIilI,People & Blogs,634,217,31,66200,10142.6,2751,8750
H7ap412xXPI,Gaming,769,3,0,21900,6584.5,10,19163
8kuwOXCdXzc,Howto & Style,200,26,3,51600,4791.4,130,985
LI2chZtq0e8,Autos & Vehicles,316,6,0,89300,1941.7,84,3917
azifWXTykws,Sports,4985,25,0,13800,25379.9,7,38111
UsfysWNayq4,People & Blogs,337,34,2,17300,2836.9,54,2146
M7vRRIBxE8U,Entertainment,658,23,2,84300,11522.6,28,7229
Y2iTRI1lnLc,People & Blogs,126,12,0,16300,941.3,55,313
HzzZcfiqXNg,People & Blogs,176,14,0,16300,941.3,59,390
3ylINYOJMpg,People & Blogs,5443,515,10,11000,12731.9,103,62025
bStFTF02WMA,People & Blogs,86,0,0,17900,682.7,59,213
s9mKzbrVMlA,People & Blogs,3356,614,55,31900,17334.5,1227,19491
sKLNYHe_Yzw,Music,264,95,22,27500,1127.3,528,18849
aApTlTld5wU,People & Blogs,300,13,2,16300,941.3,31,656
dF5O8ls7vaM,Film & Animation,90,1,0,12400,68.6,106,538
QB_r2AEORe0,People & Blogs,340,0,0,21900,13630.7,9,2796346
rqFqpn_EwFo,People & Blogs,58,3,0,16400,141.8,20,419
19EzAV3WH-s,Gaming,1117,194,74,79800,3245.7,403,27027
pxaDC-WIjQc,People & Blogs,192,0,0,23900,1068.0,143,1963
LtbS5M2oglU,People & Blogs,1896,169,11,97300,19717.5,852,23209
jaSVhrKVljo,People & Blogs,1066,216,7,14900,62757.9,72,20542
i7NrrjvnwVg,Autos & Vehicles,550,3,0,52000,3009.5,47,6616
QKat5-sJ1KU,People & Blogs,55,5,2,16400,142.0,31,369
anoB_l1Qd-k,Gaming,5574,119,0,13600,4934.8,15017,5801
XQhKdL0F8G8,Howto & Style,604,28,0,15900,2777.4,28,3108
UbofqDMCXfY,People & Blogs,425,30,0,15300,2135.8,122,1788
cUzGqn1oPug,Music,887,94,24,66900,4354.7,18,4831
MOlfVGnyTsI,Gaming,3664,249,42,32400,18896.3,1475,19904
rCJ-xwBT6VI,Science & Technology,25,9,3,14500,392.6,276,166
xTOfbxotQFA,People & Blogs,385,5,0,51900,1448.1,29,14838
aR1Iv1asqOo,People & Blogs,131,12,0,16400,142.6,47,382
f4dxOdrCoUI,Gaming,560,20,0,29200,1778.3,30,1429
IkF_KIx-2zc,Gaming,915,22,0,24800,4038.8,34,5220
n_bvJOLt0WQ,Gaming,2666,424,25,52600,52428.7,145,22943
zoeGNWTBzMk,People & Blogs,244,18,2,16400,142.0,91,1568
1a8cSd9TZzw,People & Blogs,86076,1852,41,36200,320557.1,6,3093498
rX6Gl-68zV4,Entertainment,1417,230,2,11900,43684.5,95,66560
B6znvNBIHpU,Howto & Style,238,34,11,30400,4278.3,1851,4576
LIyrEcOYILM,People & Blogs,21,4,1,17200,15519.2,542,792
W_vRdpUIaYc,People & Blogs,88,1,0,15500,6901.0,22,13927
3ps_nkKxNkI,Education,271,0,0,26900,460.6,11,827
BA2p7UjmGDE,People & Blogs,24,5,0,45900,511.9,17,88
ZD20aw8-oIE,Gaming,328,36,8,96000,30286.6,809,2311
bhhhECTKyD0,People & Blogs,1505,77,3,27200,13556.1,16,19548
b9Z57vr4GjU,People & Blogs,160,27,7,50900,934.4,356,731
Vy5FWRsLZak,Autos & Vehicles,612,5,0,52000,2782.5,47,3346
syyZhNQiIe8,People & Blogs,92,5,0,16400,138.6,32,379
kl6zORrw-Xk,People & Blogs,288,23,0,16400,138.6,98,716
sZcIvmGFsVA,Entertainment,1208,285,50,63700,5038.7,798,4858
Q44PjimMIEc,Howto & Style,560,6,0,64900,5734.0,23,26042
mI7HP8qx9G4,Education,383,16,0,23600,10875.9,110,4994
BtEU5nD1B7U,Gaming,807,120,53,64100,5974.2,647,12484
X4nXHg2CziI,People & Blogs,12801,504,4,37100,160910.4,61,192032
4p2QLL0KMQw,Howto & Style,502,0,0,71000,2981.8,22,1752
LNapIHcD-t0,People & Blogs,358,0,2,17500,6161.9,58,1788
iDIL68YP1HY,Science & Technology,7,0,0,13800,87.9,446,60
LoizQgw5yvQ,People & Blogs,640,23,0,21800,1047.5,10,1698
5hZm1IdTbDY,People & Blogs,1455,126,1,32000,18612.0,18,33776
NdSqNGpeD84,People & Blogs,2817,90,0,29600,300800.7,59,208875
th8NT-2kkQo,Comedy,1395,0,11,39800,23865.2,43,58053
g5tsneVWWVM,People & Blogs,611,54,0,10000,665.6,151,1125
UL6krH2eH5c,People & Blogs,7957,26,0,10700,28540.1,5,51139
oBf6BWu30mY,People & Blogs,634,3,1,22400,631.1,50,1356
jCn0NYLTCxw,Entertainment,814,98,2,88000,7231.5,64,11778
vNC8M3adb90,People & Blogs,326,7,0,27400,2826.6,42,2325
cqVnQoDx7JM,People & Blogs,1348,0,0,34700,22445.1,30,27611
ZlYJwmjw2DY,Gaming,478,18,1,39100,15988.7,35,26392
UdJ5KKHQbxc,Entertainment,266,9,0,17300,1594.5,99,4979
6qXr9ETekWs,People & Blogs,802,8,0,41500,758.8,44,1061
BrluLQOZiVM,People & Blogs,642,3,0,50800,1548.0,13,32841
35XhYdeKWNw,People & Blogs,5379,197,4,47900,72564.5,37,66491
o5T8xLZjREg,People & Blogs,583,4,0,15200,4176.3,67,1048
eoMDEif1PHc,People & Blogs,4425,414,19,69100,70648.4,104,98231
0NDrkVk9Iec,Entertainment,2877,81,1,33900,46173.5,35,9009
bph6_MZGS68,People & Blogs,964,6,0,16000,17784.7,13,32693
KcZv9rniaUA,People & Blogs,1399,109,1,16600,369.5,87,157467
SwHu2g-pCqs,People & Blogs,721,2,0,41500,762.5,28,976
9HzUBPotoig,Entertainment,559,3,0,75700,5156.2,108,4367
qeoJNOW9iZ8,People & Blogs,394,0,0,13600,1046.2,23,4859
75OPkY3rcuA,Entertainment,2005,267,62,59400,4104.1,1218,27670
pItNrROu5vE,Howto & Style,340,5,0,21800,1359.6,15,3820
-cKDrgsOsKg,People & Blogs,638,12,0,21800,350.7,10,7379
b2aOeferB9c,News & Politics,3386,52,0,36400,107277.7,32,206843
6OCR7qVkAHY,Entertainment,697,3,0,30800,582.0,10,18078
xrUv29rKBTc,People & Blogs,673,22,0,17600,4270.7,16,13374
LavmIQwoDYU,People & Blogs,10891,0,9,70100,21013.4,19,278132
7_AdciCTAQc,People & Blogs,5093,985,53,32500,15903.7,18,91235
LRO1HAtFRVg,Entertainment,514,18,0,92500,2242.2,53,4144
T1ocsSwbg88,People & Blogs,156,4,0,15300,305.3,16,508
DkQXNqRnIRg,People & Blogs,11334,0,2,70100,21013.4,24,238296
7ZIqVeM7Dno,People & Blogs,71,9,8,84600,526.1,161,785
fCiBHqobEm8,Entertainment,2035,0,5,38600,73652.8,78,39484
GkaqqsC8g14,People & Blogs,1431,107,0,25800,53197.2,67,13951
Ep0Gav2V2CM,People & Blogs,4571,58,0,92100,24845.3,13,42380
DyxR4I1HuXA,People & Blogs,1581,0,0,26500,14229.6,17,31435
4KqNoASrRP8,People & Blogs,2270,33,0,12800,31463.3,31,21339
CFGZsl-8dAA,Science & Technology,419,7,0,53700,5055.5,6,9409
G4j6u8dmkkI,Autos & Vehicles,384,27,3,59000,9320.7,1062,16200
EHmFUXS9OE8,People & Blogs,608,3,0,19300,1379.1,21,2639
MOHZ94VYkFI,People & Blogs,135,23,8,71300,6928.2,1051,3351
vFZl5pGQFeE,Entertainment,79,7,0,17300,1592.0,100,2114
L_-bqFXFk_c,Entertainment,1140,30,5,52300,2105.6,7,9587
Oqr1ER4nqeY,People & Blogs,346,2,0,77700,2504.4,181,1441
nfsx3mWVwfg,Comedy,828,6,0,18400,1815.9,13,35157
iYFN9gN7-UQ,Travel & Events,313,4,0,32300,727.4,54,801
C7cofrIgP8E,Howto & Style,1113,14,0,27400,3718.7,67,10904
8jxgcrvfWyM,People & Blogs,323,45,7,42100,3774.1,825,3572
i6BhSuX4hBY,Travel & Events,115,3,0,21300,512.8,15,733
P0-5rT-Bfmg,People & Blogs,1876,54,0,71800,699.7,15,2263
TF0qwXIeTc8,People & Blogs,637,5,0,16000,18467.3,13,10711
x3mXvi57tcQ,People & Blogs,603,0,0,22200,1936.8,35,1949
IFg-N60oJtA,People & Blogs,828,10,0,35400,2103.9,20,18127
Njy_l2OYZY4,Entertainment,1109,66,2,40900,7566.3,64,9985
i_bFejziKCg,Entertainment,5290,214,0,51000,1412722.0,31,32874
00_WQu_aKeM,People & Blogs,642,8,0,68500,2731.0,29,1293
ji9HY-CXS8A,Entertainment,844,11,0,13500,6990.0,20,12277
JwV9HABYiDg,Howto & Style,653,17,1,62900,12298.4,53,10644
GPmMxtj0B1E,People & Blogs,4282,8,0,11300,11387.7,9,29127
p7Ta9IHqxIo,People & Blogs,2015,161,10,14900,39190.3,89,42951
tIWwm5wAt6g,People & Blogs,314,2,1,20700,593.1,58,779
aKI5DNwZSt0,People & Blogs,528,8,0,30900,555.6,20,3759
S0TdEMlXicI,People & Blogs,5074,129,3,49900,10913.1,180,23766
DJtnx9ZI-qI,Gaming,1282,19,1,10300,22589.6,31,15544
YI5qiZ0Uhng,Entertainment,818,0,0,28000,798.0,22,1593
rVOQ7CFxdyc,People & Blogs,252,12,0,21800,358.3,9,2141
tigDX-apFMY,Entertainment,4351,37,0,36400,3395.9,12,36736
QI9YpNIshyA,People & Blogs,4690,0,0,66100,6115.6,46,12007
98l-bX91Zfs,Pets & Animals,532,16,0,62300,1081.9,35,2895
czLYQPa9Ypw,People & Blogs,1585,0,0,92500,8158.7,20,12747
TfKCnxxaWLo,People & Blogs,1081,0,0,87400,109800.7,16,13899
bIlN6Gh9lhw,People & Blogs,8,0,0,33600,1788.9,16,8942
RrwZNCz6JAA,People & Blogs,5079,17,0,10700,32253.9,5,59000
Ke_xBXhvYRw,Howto & Style,360,4,0,65000,5632.4,22,19628
5gE2_F4rekY,Entertainment,1744,0,0,28000,798.0,9,43089
ZKPMyoNEimQ,People & Blogs,294,1,0,12900,4554.9,42,750
4mTm1ycb-O8,People & Blogs,937,11,0,94200,4207.9,57,225989
CbVbSRnETRU,People & Blogs,287,68,11,11100,3478.6,875,3598
KQgRcu4TE1Q,Entertainment,297,3,0,19000,780.1,29,948
KzWcHhHqD4o,Entertainment,33,4,0,81200,1687.5,515,499
a9AHsBxH7YQ,Entertainment,1559,77,0,40300,138372.6,29,16068
ZNeX4Lrv57g,Film & Animation,4791,129,0,61000,20462.6,32,151184
uz1HTHrepKw,Entertainment,1463,18,0,48800,2283.9,19,33445
xRFcBAulSi0,People & Blogs,4919,51,6,37800,332098.4,24,235289
JH3jPQG6nKc,Entertainment,1974,29,0,13500,6926.2,16,23868
KLYgmOXcJhk,People & Blogs,1354,35,0,24100,7091.4,34,33996
h2Lmr-th5pI,People & Blogs,941,69,0,16800,962.1,181,19375
M0kl_4Bi0gs,People & Blogs,1175,177,23,92800,11319.6,851,14322
Gxlfn3cS_iM,People & Blogs,14449,1303,67,45800,177043.8,57,200415
R7cw5tVc0fU,People & Blogs,3734,233,17,23200,27793.0,153,15822
lmSdtdZIVOU,People & Blogs,3943,36,1,34900,6036.2,16,5766
GS1aZuy8-EA,Entertainment,2716,99,0,34000,43675.3,53,51275
EnM9uJI_Mv4,People & Blogs,308,27,0,16800,962.1,42,40100
Y1xEFCUbKRE,People & Blogs,15512,896,6,47300,303683.8,36,135042
t7WSgrQyRZY,People & Blogs,1012,25,3,25600,926.2,51,3539
F3fW3l5Jrsg,People & Blogs,1093,0,0,27600,9892.3,53,19964
ilzUTM62bSs,People & Blogs,11652,848,11,78600,1027248.2,99,337120
5lTeUQFaSuM,People & Blogs,892,5,0,16000,17033.0,11,35544
FWapuJ8c_1k,People & Blogs,9147,1152,20,65600,79118.4,66,123665
UUduIxlUpgg,Entertainment,2105,25,0,31300,24653.4,49,3244
KKxMREzaxcU,People & Blogs,1126,17,0,60800,4024.4,44,23472
ADEx8kz_Oe4,Howto & Style,628,15,1,82900,15362.2,22,28210
g47Z0eAGB3k,Education,957,38,3,24200,2385.8,60,3067
RPLlCAMr_fo,Entertainment,311,38,2,98000,3008.8,221,1573
bZ644Gk2aAc,Entertainment,632,4,0,49100,1685.7,36,8370
TziOJ1i4rjM,Autos & Vehicles,462,5,0,12900,709.7,62,1028
lerXK8wUlpk,Entertainment,623,32,3,22300,2009.6,292,2067
_3Z8Uo7DBxg,Education,382,31,1,11300,3535.9,14,3369
GIXOThmYJbA,News & Politics,3698,211,0,57800,22824.1,0,57285
3rEd0NMfxto,People & Blogs,7301,343,38,30000,34834.4,294,45329
vhxBllBt2wg,Film & Animation,5893,488,29,92400,36379.3,246,30225
5eC3OyZqM0Y,People & Blogs,230,3,1,29800,2198.6,91,12616
Fg_wptLqThY,People & Blogs,439,0,0,16200,191.2,22,716
MuUM8_57lFk,Sports,268,23,0,49600,1230.7,250,4472
l7HeYjtXrEU,Entertainment,204,4,0,13000,1088.9,21,1555
YSdLbCf9ULk,Film & Animation,308,57,4,31200,9947.3,50,3011
zPLmX2IvCnY,People & Blogs,15574,584,3,47400,272164.7,25,849145
jn2PAFVxCBY,People & Blogs,467,10,2,62400,4242.2,156,4066
p2y9LgMWNN8,Howto & Style,1,0,0,62900,593.9,58,546
EUUlFRyITOA,Music,579,20,1,54700,1704.8,68,4895
cWSSF4UsZ1I,People & Blogs,953,9,1,17900,18779.6,60,16806
Jv05Zif_XOs,Entertainment,809,0,0,28000,1536.3333333333333,17,23577
iX_yo-ll4Es,Entertainment,3544,283,0,36200,110446.9,60,72049
EVRQCPjPQYc,Entertainment,416,23,1,58900,2228.5,374,2391
vNUPekDTxkg,Entertainment,894,26,0,13600,6594.7,19,20055
VXf8eCZkZ3M,People & Blogs,463,15,1,58900,2792.9,58,10405
TCnW7yHPaX0,People & Blogs,351,6,0,10400,1186.6,20,1536
Oh2yYPZqmIo,People & Blogs,840,14,0,38500,1872.1,51,4236
vTJW4X7qAEE,Entertainment,112,9,4,12600,9813.8,995,4468
ojEzyhih1g0,Music,759,8,0,15600,3472.1,25,12011
CZo_vB1NhoI,People & Blogs,793,47,0,71800,788.0,15,1300
fQEGKwJFUdw,People & Blogs,1498,61,6,87800,10828.1,544,11103
slugiSJS_Z8,Comedy,4234,107,7,28000,43067.8,78,26546
KlMCh2zMuSQ,Entertainment,247,0,0,43000,3746.6,1364,29581
KfUUOMhWBM0,Science & Technology,1273,117,11,24500,6697.7,483,7505
d2YmNMiyrGA,People & Blogs,188,10,6,22400,1692.4,123,1462
ifXdYsJmu4I,People & Blogs,1349,103,0,16800,19160.2,15,1575225
7uErAykEn_8,Entertainment,5808,288,10,90500,434343.2,81,60397
3-WUfGcnXGU,Entertainment,2650,63,0,34000,39618.8,48,11486
BrEPKBbleY8,People & Blogs,2505,0,0,92500,8873.8,22,21156
GnWtXeFTGqI,Howto & Style,2340,0,22,62700,20222.0,39,28309
FGCuQAohdeY,Howto & Style,665,6,0,46900,9113.7,34,4884
gtxIadv1hB8,People & Blogs,9158,863,11,33400,184329.8,43,179909
qgyuBzOPVlo,People & Blogs,13025,987,32,27800,87001.0,78,264520
a-l1Zg1X6Uc,People & Blogs,29312,187,2,44200,319376.0,22,159287
YICe_2xX3EA,Gaming,397,24,4,23800,2659.5,112,2779
tFqkSsRRxFY,People & Blogs,378,20,5,10200,7343.0,1213,4047
gD8R9VIQkag,Education,265,0,2,23300,1682.5,96,1382
mh_hRCmPnuo,People & Blogs,2398,205,4,51500,11467.9,67,136275
uiDlsFMZep8,Entertainment,703,133,23,61900,31985.6,1933,23640
wqcKVcBDk7M,People & Blogs,805,7,0,16000,14811.3,13,10002
rRG2iFcdyt4,People & Blogs,310,46,4,10400,4056.1,501,2064
iWWLh26srt4,Howto & Style,1109,19,0,55400,35030.2,1437,18207
dLUTz2jFpXs,People & Blogs,680,22,1,79900,6147.0,57,4292
eS8Ghj1L8xo,Comedy,2168,31,0,14000,29867.5,28,31382
-4xnY9kPLbY,People & Blogs,1516,86,0,16100,25244.9,47,35978
6Jrtfp8As9w,People & Blogs,732,8,0,60800,5373.7,15,3046
Y8R1lpOCov4,People & Blogs,976,13,0,52800,4607.3,37,18073
5sSqCtcFAjo,Entertainment,247,69,33,47400,11654.4,905,1519
DPCtugjIZBg,People & Blogs,764,14,0,25700,1390.8,57,10732
WFOME2q5gUU,Entertainment,553,6,2,70000,1874.6,24,4302
KcYerhw2zDI,People & Blogs,942,51,1,13500,59867.2,30,33430
Ybryoaj9Vh8,People & Blogs,454990,0,2,16600,5263763.4,13,11204054
zLErsNDt9V4,People & Blogs,1602,262,19,60600,70498.0,1352,31099
ssddDXgk_wo,Entertainment,748,28,0,75700,4080.2,88,6477
j-9SJLGf7FQ,People & Blogs,1193,92,6,18500,504475.4,31,21621
5sxsJuzc5yo,Autos & Vehicles,6381,476,3,43100,19303.4,61,232121
pMExzjISaUQ,Entertainment,948,58,6,30000,6836.9,135,21767
I8T9VHnThlc,Film & Animation,4590,442,0,89900,221544.4,27,41418
Ga1wegi4nJc,People & Blogs,487,14,0,10700,6507.6,25,28558
hVCr6r_z5sA,People & Blogs,4557,262,4,69700,64675.9,30,67379
j9uHdsu8AuU,People & Blogs,4476,281,2,16100,24672.9,35,136879
3XYpECSFz_s,People & Blogs,1203,0,0,44300,4984.6,49,8962
Q0BmPXzp-7I,Howto & Style,384,10,0,24100,5218.7,20,10099
J0lmcdCszTM,Howto & Style,78,15,1,46700,1848.9,644,1307
nM9yqPlk-Qc,Sports,331,9,0,35800,1371.6,37,2129
4c4PBCD3JOk,People & Blogs,920,0,0,17400,17622.0,56,38412
iQ_37alTWbQ,Comedy,1076,36,5,14300,25270.0,36,14994
lrNVWb5d2ZI,People & Blogs,4444,32,0,16000,16804.3,12,35852
f-EDRZWyen8,Entertainment,1312,83,1,72000,257246.4,123,60625
I7hOdT0pIEY,Education,155,11,1,19500,572.6,69,554
QrL9fhJ6aGY,People & Blogs,579,0,0,23600,3374.5,40,9189
HSAnyaawQDo,Science & Technology,731,71,4,15500,3974.7,62,8766
vrKvsD47s8k,People & Blogs,719,50,2,38300,7818.8,1342,11486
pV-O2E9exLY,Entertainment,738,18,0,32100,3018.3,63,7942
1ppdzjmv_AE,People & Blogs,565,8,0,58100,9715.0,84,2198
qWd7uIBJyoI,Howto & Style,581,16,0,10600,1525.7,59,11747
_Mh2NI2jrOw,People & Blogs,2588,0,0,26500,16459.5,28,28657
GGnLYDwy2Nw,People & Blogs,851,57,6,91600,8158.3,29,9529
_oaKpM1dEuI,Education,128,25,7,45600,4008.3,321,1133
GstPioDmhTA,People & Blogs,24835,8275,70,48300,192515.2,41,1312024
p50WHFepmq4,People & Blogs,750,4,0,54300,7500.6,25,8731
R_GLNPRPMVg,Film & Animation,277,791,31,40500,1484.3,3768,2390
HYo1vTr6IUg,People & Blogs,3602,94,0,92100,17955.5,35,129580
qbSsGHYN9iE,People & Blogs,2519,0,0,57700,57323.9,25,1029510
ZWsV2r90AWQ,Gaming,96,0,7,50200,2531.1,852,715
PzcZfw6AqA0,Gaming,299,43,9,35800,4818.1,16,15426
cnvXm_vUcpw,People & Blogs,124,7,3,35100,1154.8,438,10414
4pHHPMgINww,People & Blogs,577,11,0,12400,940.0,37,1736
YCb2cRKvorY,People & Blogs,1965,10,0,30000,99246.8,19,25447
p-6vzVoafEc,People & Blogs,1717,0,6,12100,10493.8,22,26656
Yhssr46QB4U,People & Blogs,3782,340,16,30800,44212.4,99,64570
j2DEi7Wg-kk,People & Blogs,5058,174,0,92400,38882.2,60,32521
MSLJMuITHrA,People & Blogs,904,73,3,91700,6369.4,39,14165
JblR0F6Gfbs,Entertainment,447,8,0,92800,2045.3,47,4487
jzPMA-rUSXE,People & Blogs,930,100,23,16300,4970.2,610,7130
saw9tS_rjdw,People & Blogs,1793,43,2,10200,10660.7,129,15697
D35aofSFmxA,People & Blogs,587,11,0,23200,16224.7,23,5657
fqDlpHtmjgg,Science & Technology,818,16,2,49400,2587.1,67,7897
j1jSv9bUA1I,People & Blogs,1214,37,18,37100,42327.7,41,9912
JGF-RJGvIvM,Gaming,968,84,2,69600,15871.9,91,7944
gpZsanbUYW4,People & Blogs,371,13,0,25600,2861.1,60,8888
b9oll5ce9yk,People & Blogs,758,29,0,64500,5905.8,57,9364
tSCBMks9OGw,Entertainment,726,0,0,13200,81809.7,18,14475
jVKD3nzo45A,People & Blogs,378,87,9,28100,4552.5,1650,4389
X3KMf9R4cVk,People & Blogs,413,4,0,17900,725.3,23,1507
rOEfi8nEKuo,Entertainment,631,23,0,47100,2269.0,60,3416
wihy5eu8Awo,Education,770,27,0,16500,372.3,29,1122
MNGDSu0mQpc,People & Blogs,25570,6477,90,49700,119239.9,26,1000799
VqUYwsCatfs,People & Blogs,2437,271,5,11100,10301.3,52,16596
yF9FqIc4gkQ,People & Blogs,505,5,0,21900,1127.5,10,2521
V9-6wdvvi9I,People & Blogs,618,16,3,20900,2316.5,76,3743
qfnTufyOiOg,People & Blogs,336,10,2,10400,1383.8,83,1421
JjNejCnvxGo,People & Blogs,423,124,14,66300,2188.3,2515,3524
GsqyuHAsxDY,People & Blogs,470,2,0,54300,7626.5,14,3695
JJt5aotKXLM,People & Blogs,363,0,0,13900,669.0,47,1519
gCbhfxGRy3c,Entertainment,5435,123,2,43100,2085.2,136,18822
HeLIE8BtIEY,People & Blogs,333,5,3,25800,1818.7,53,4613
tGNWR4gLkgc,People & Blogs,966,10,0,23100,412.6,15,1474
8njFFHOY8V4,Gaming,299,36,7,76400,2701.0,348,3730
_FIasTIrCYE,Entertainment,917,24,5,26900,7121.1,504,11591
RPHIyZwm3gc,People & Blogs,587,30,1,20300,5883.2,55,24634
V1yiP0DvD7w,People & Blogs,470,24,3,14400,3514.9,259,5837
N9MCLh2BqM0,People & Blogs,312,6,0,35000,1614.0,31,939
aJJPtcoTnfg,Film & Animation,372,0,0,20900,254.1,48,1239
3-K94ZsMbP4,Education,270,6,0,28000,2608.1,46,1279
YNzlCsjl9kU,Science & Technology,798,3,0,45000,6490.1,9,3231
Cuk7kBOPNsU,Sports,383,27,0,10500,1290.1,66,4048
u3Fq4smNTBY,Comedy,255,20,3,15400,2635.3,127,1800
OpKYoRu8f_s,People & Blogs,244,7,1,13800,2638.8,39,11823
nj2YscM3cwg,People & Blogs,86,0,0,16900,594.6,20,1119
IHM48wMTjGI,People & Blogs,434,2,0,16900,594.6,16,846
QcuoYD9wzdw,People & Blogs,107,1,0,16900,592.4,25,1153
E8ytPUoA5a4,People & Blogs,2088,128,16,27300,16446.3,69,35118
gkSnU-eOlc4,Education,649,70,23,85900,14991.1,1388,14437
NUX8LuEInY8,People & Blogs,686,7,0,11500,895.9,65,3919
-hXwhKO_nqk,Howto & Style,0,0,0,16400,328.4,68,938
FTUc8Xyy5k0,People & Blogs,91,7,2,11500,1089.4,177,567
X4Js2LWVCwE,Entertainment,200,19,0,11900,293.0,181,645
sHR2RYvV0is,People & Blogs,1362,41,2,36400,37581.5,105,15631
l96kKVu8JgY,Entertainment,1029,10,0,26900,6006.6,37,92123
m_6FzTNWh04,People & Blogs,1368,34,0,34000,1773.6,63,6424
Oa1_qB5SqJ4,Entertainment,8861,245,11,39900,133790.4,53,2921918
ggP9uCaNX3U,People & Blogs,2186,59,3,15400,20081.4,135,9798
OEiiwwXVCso,Film & Animation,1645,55,0,19900,51101.0,37,29197
OolbIzW42eI,People & Blogs,1596,304,0,41600,13983.7,1781,19046
Nlhk_dJRjZE,Gaming,1040,62,9,70100,9818.8,135,43475
JUg728Oy3J0,People & Blogs,416,90,0,21400,6226.6,61,6304
yFsvNVlaIho,Music,614,46,1,50500,11947.7,39,5404
rac2XSSH14s,Gaming,792,33,1,61600,13432.7,36,7613
VeZYiYMK2vY,People & Blogs,1417,41,0,34000,1773.6,93,6465
rN1mekcpQFE,People & Blogs,416,12,0,22500,166320.0,9,12250
KimtiBc2pTg,People & Blogs,645,144,28,14100,3983.1,3032,5297
iLcolhs9X78,Gaming,338,26,4,16300,2999.3,1249,5427
rQtCMjLnfD8,People & Blogs,817,237,15,31000,18231.9,1529,12686
TtUCQYxj0To,Entertainment,814,112,38,47000,3878.7,667,6932
CVhLyWG49EM,Entertainment,1240,185,20,91200,5777.0,490,43589
58QxyKiJ1p0,People & Blogs,436,194,15,40100,5500.1,904,4494
PatxiYJZoOk,People & Blogs,1604,315,38,36600,11397.8,1281,11438
Nth4I-H4PTs,Sports,2035,134,1,41200,121883.5,27,1178464
_BWSk1Cgs7Q,Entertainment,100,12,2,22500,144916.7,615,906
nWNCSx5XDW0,People & Blogs,933,19,0,19000,4438.7,28,6831
Uj5-ZTQ2hy0,Unknown,509,45,9,77800,9576.6,0,6717
Gnk8WBYcVh8,People & Blogs,747,116,15,39000,10885.2,1771,13527
rEbZzviT0Vo,Sports,1253,4,0,42600,3652.8,150,1603
4qquvuOQZwo,People & Blogs,118,43,16,13100,1997.4,1238,2268
IPooCK4sny4,People & Blogs,322,79,0,42500,2132.4,670,3286
68tK-w7mEKw,Comedy,4537,255,21,89400,22820.7,3044,102095
mN0R5qidzQA,Education,98,22,2,86600,4799.6,899,1221
qvwMN8D0mlo,Film & Animation,2426,22,2,18200,3898.2,73,4773
PgllEhHpkKE,People & Blogs,1532,28,1,42700,253553.8,81,64650
b5MCklgcJb0,Gaming,153,7,3,18300,2066.5,592,2410
GUmv4XI_TrU,People & Blogs,236,4,0,16900,281.7,41,1235
QmtYD-OO46Q,People & Blogs,2888,278,28,95300,24835.7,1546,33847
iNLrBkpS64k,Howto & Style,240,4,1,65000,4246.3,22,5396
l_vldqJz09Y,People & Blogs,307,6,0,16900,275.7,28,1986
2CRIGVZSzwc,Entertainment,828,37,1,80400,11453.0,65,8249
0YWloD119Wo,Sports,299,15,6,15600,2420.2,708,3451
4en5U4rfDk0,People & Blogs,3170,252,11,97500,25244.6,946,25912
szcUcy20QWA,Entertainment,539,28,2,30600,634.1,818,3697
5qXvvvqTxzI,People & Blogs,317,3,0,16900,275.7,33,788
Bdc6gO_80_Y,People & Blogs,5314,770,7,26700,37425.8,65,44012
cV4M1PbAyCY,People & Blogs,173,5,0,11500,2014.0,76,30597
IL6YJaIihIQ,Entertainment,172,81,10,70200,1152.9,3860,3425
NQ9mEGYDaXg,People & Blogs,4893,324,8,17400,7858.3,67,84893
v5oum45hJFA,People & Blogs,1075,56,11,16700,8487.7,55,10025
wQzkyDrVNVc,People & Blogs,1279,138,12,32500,10618.7,1886,14910
NMkc6KWoLSs,Gaming,229,11,1,23400,40142.3,89,1898
2KTtAxKRDxM,People & Blogs,725,20,2,15400,1949.8,75,2431
_TRm-I6RW3o,Howto & Style,335,5,1,46100,1508.5,45,1184
BT9m6CiwgEg,People & Blogs,782,17,0,25600,11009.1,69,1500
XXOdcAOqg_4,Gaming,1025,79,27,45000,6122.5,706,11017
drU4en97spQ,Entertainment,665,60,4,11600,7652.3,107,3006
lxhYDw5cbvM,Comedy,4,0,2,20400,1103.0,226,14
O9PuRwaLijk,People & Blogs,553,3,0,17900,690.1,27,5377
_a2WoP7IprE,People & Blogs,2829,294,5,79800,161574.2,25,26383
KMAOr_TQCOw,Education,653,44,2,24300,9572.5,68,6245
xvHI9Navfv8,People & Blogs,3874,136,1,61200,1963.2,98,21630
wuw82GUUDoI,Music,36,8,0,70200,262.9,1652,292
YzPASDbGSts,People & Blogs,2214,258,6,61200,1963.2,109,21156
sszqqtaypnU,Gaming,582,12,1,34800,2573.1,44,1516
qk6wXeqjXNY,People & Blogs,1710,107,6,61200,1963.2,45,5301
GjhNZW7ajj4,News & Politics,5189,319,15,59500,2704.8,51,233475
HR_dKdj_Iqo,Comedy,1175,3,0,32800,266.9,38,1435
QTuUclmcHIE,People & Blogs,263,47,4,17900,2411.1,3028,2705
zK0atnvWgbw,People & Blogs,584,16,1,12100,8360.7,21,2295
5DRGcXIdzGY,People & Blogs,951,43,3,56700,21175.3,148,3874
27RRKD5CxQM,People & Blogs,292,92,7,46000,7597.7,918,3297
bZMvmYPQ_MU,Entertainment,527,177,15,98500,8454.3,437,4107
DtSxcRIJ8Pg,People & Blogs,1010,54,0,61200,1959.9,60,14272
BPK7ewfPcn4,People & Blogs,345,1,0,17900,675.8,27,2401
ssUXzG9Irys,Autos & Vehicles,421,7,0,12400,696.7,1101,766
-OZPvdZuj-k,Gaming,769,24,0,53900,15460.6,86,2689
3dOnrMwvPVc,People & Blogs,1171,149,4,61200,1959.9,126,25202
sE_6hcr2qMQ,People & Blogs,783,109,3,61200,1963.5,178,14295
SdCe-LgzQgg,Howto & Style,436,21,0,35100,12398.9,34,14033
XkFroY7O5VE,Sports,2647,18,1,79500,6450.8,13,28439
YjM0cQHNxAE,People & Blogs,1120,157,3,52800,13500.6,83,13020
45VgV774vlU,People & Blogs,413,40,0,11700,94236.3,56,10245
ydpHk_2s3CU,People & Blogs,301,12,1,13700,2039.2,25,6490
2NiKvXucONc,Gaming,1429,44,3,61600,12454.0,30,17652
qM7hGPE392w,Pets & Animals,612,12,0,16800,574.4,12,1606
_96eyaq-yAM,Comedy,1125,272,25,71600,14787.3,693,76548
HO8IzzyQyG0,People & Blogs,261,6,0,18000,1227.5,46,1370
0-gyIlVDTqY,Entertainment,263,4,0,59500,18501.5,560,32157
hloPJqWDkQQ,Howto & Style,67,22,15,20000,15096.4,1711,1183
I4HMz-W39i4,People & Blogs,1130,0,1,31500,225735.3,21,36842
_3NHxsyoZJQ,Travel & Events,380,9,0,10400,594.6,166,534
gK_sQvZtk0I,Gaming,791,41,20,21100,4213.6,282,13779
KrBMD1Hlpq0,People & Blogs,1,0,0,34400,0.0,60,6
6HxC3E4Sz4o,Entertainment,316,2,0,98200,1850.5,31,6132
tf2rp3dYI0U,Film & Animation,621,5,0,38600,177.1,30,1815
kD5fwGqQ09o,Entertainment,2717,22,0,36200,9965.6,19,12174
9FXIROWYYvw,Entertainment,7,1,3,35800,2018.4,98,97
EIJv15xa9zI,Science & Technology,5,0,0,46000,585.9,33,456
E2U9LmY-BeY,Entertainment,56,0,1,68700,3734.3,667,1330
uw-1_zJYZDc,Entertainment,1644,206,4,27100,20335.1,192,13885
Kf7PtAgoeIA,Entertainment,1854,292,3,46200,8804.5,49,24320
T7DBv7JbWHc,Travel & Events,1519,26,1,40900,4927.0,113,4808
AGOFFH25OA0,People & Blogs,7811,107,1,36600,22543.0,7,99930
pNhb9aUepBY,Gaming,277,5,0,11900,2337.4,498,1564
dDR3gPcgzAk,People & Blogs,12,3,1,24800,152.7,130,114
9LaufbiG4zo,People & Blogs,64,2,2,26400,279.2,17,161
2UpeSFYevqw,Gaming,4620,1369,49,41900,31343.3,101,436280
-yQl6f7ZEOk,Comedy,100,4,0,55200,1843.1,181,738
uxAnXZ-Z1vc,People & Blogs,58,4,0,76400,170.5,57,1150
t22AdbQk8DA,Gaming,913,20,0,29600,4202.8,13,18124
ETGGyHjsr4o,People & Blogs,1579,6,0,45800,12435.2,20,10546
VEuVXDbs0Fs,People & Blogs,1368,16,0,10800,1606.5,16,5819
Atnk_UJhtD4,People & Blogs,3573,971,57,88900,9011.4,0,11023
lsyoZwBTErI,People & Blogs,2680,28,2,26900,7759.8,58,3175
e8NfBbSUJXI,People & Blogs,1202,25,0,80100,1456.1,16,34072
Ae-bZa1nj8w,People & Blogs,1017,0,0,35100,22915.6,29,15075
f3sVYwu3cDo,Science & Technology,100,11,1,20100,1248.9,331,2484
nmEAgEh_9bk,People & Blogs,2,0,0,13400,2583.6,23,145
FV6bO4S0Sjs,People & Blogs,1143,94,7,39200,6614.3,95,9065
Y1hAde-AwgM,Entertainment,120,0,0,82200,5349.4,16,2314
l4sF1eQUjV8,Entertainment,44,15,18,14700,4151.3,630,78
_-ew4OXCCcc,Entertainment,641,26,0,61900,964.2,54,1653
25yJv1m3bCo,People & Blogs,3018,150,3,87800,192201.0,109,42173
hM9fyS9kSXg,People & Blogs,161,7,2,44700,2035.2,48,1536
b3HiNo6ZQD0,Entertainment,411,4,0,70600,14385.8,61,4084
LlUIcMoT8rI,People & Blogs,534,16,0,21900,1120.5,10,13549
Femw1dlxQV4,People & Blogs,1824,0,1,66100,6713.6,77,2340
FmIc-py2-Vw,People & Blogs,2,0,0,37400,9903.1,38,20729
GLUxh_CyzvM,People & Blogs,47,0,0,31800,635.6,14,868
ke589sxiQxo,People & Blogs,416,3,0,20200,739.6,32,1747
hIX9e9He6b4,Gaming,5031,2058,26,44000,58217.6,110,156325
aReFmbOimXs,Entertainment,43,0,0,18700,1161.1,17,741
1rdfcunX9Ns,Entertainment,483,0,0,28000,2797.5,9,1738
66bv-DPhNVw,People & Blogs,2604,14,0,16000,17830.7,12,69772
i9Gub53LY2o,Travel & Events,435,20,0,40300,18502.0,41,61046
oSvZVWLiRsQ,Comedy,300,32,3,72700,8618.6,421,4465
lsjcv9AdRY8,Howto & Style,143,22,2,49500,830.8,1019,801
rNiFp_lfD-Y,People & Blogs,601,7,1,14000,783.2,21,955
SX7j19De-9o,People & Blogs,886,7,0,21500,365.6,16,6954
uc7e-iHFT0A,People & Blogs,2053,0,0,16000,34918.3,9,62322
8aoi9vOI-kY,People & Blogs,749,243,0,20300,16457.3,50,21855
pZHVJZIqt0g,People & Blogs,795,14,0,60800,7416.7,51,3151
vc14Wlc64Uk,People & Blogs,769,17,0,65000,11957.5,69,28259
CxFgdw21Wlw,People & Blogs,28,3,0,37100,251.625,55,402
VFXNDa4aE0c,People & Blogs,291,10,1,12400,1964.4,29,3103
cB1LrvIuAJg,People & Blogs,856,6,0,16200,24987.2,23,3391
8irPQo_BEjE,Entertainment,246,0,0,22200,244.4,36,319
2AXuCAOV67M,Entertainment,910,0,0,26200,92853.6,37,128850
svF-x2R5d_U,Entertainment,368,70,20,13700,1780.1,669,2545
xeIT2vAG8Lo,Science & Technology,674,11,0,53700,5852.6,40,10114
LzGblzrU9YI,Entertainment,290,2,0,64700,1241.4,30,1504
uUpQkmT-b1A,Science & Technology,562,7,0,15900,3821.2,18,3741
2h66NOa42Bo,People & Blogs,12773,76,0,52500,540313.1,32,19012
va8_5IaIDHw,Entertainment,1546,178,18,69500,35494.9,627,25152
kIqXBKCOos0,Entertainment,163,18,5,92900,4349.9,136,1545
fxqBbVw-F-4,People & Blogs,1824,0,1,40000,13151.5,60,13142
J0Wyy9KEnXw,People & Blogs,11003,302,1,18000,420871.2,109,1102891
pdOzhb6DUkA,People & Blogs,1113,269,15,14000,67680.0,60,15401
m5xapFXownM,People & Blogs,30234,338,0,32600,1150970.3,58,6950994
MJGn7W_RsZg,Gaming,797,29,13,23700,14063.8,38,7602
xZOTAgcHMuk,People & Blogs,4923,129,1,31400,15954.0,58,35209
O6pCNxe0hoE,People & Blogs,10415,0,5,70900,22824.0,13,346898
zm68UgUfUOk,People & Blogs,6536,386,13,69000,94147.7,83,85386
YjwOi8ISihE,People & Blogs,862,8,0,12900,29247.8,21,21922
S5U0JZZKvOY,People & Blogs,4971,599,0,55500,170215.9,72,849366
CzFrHiTtJuo,People & Blogs,797,5,0,50800,2042.6,30,30850
rxJfAC1VQ_M,Gaming,4961,486,66,10400,15014.7,744,44336
BH3zqBppjX0,People & Blogs,384,5,0,43200,7436.2,45,16460
Ugc7ZktTd0k,Entertainment,1085,167,0,27300,3858.0,0,9478
Vi3tSkG-2y4,Entertainment,720,3,0,30800,1262.5,10,5207
APy9e9AT0Fc,Autos & Vehicles,15,7,0,11800,1220.5,1042,411
IHugK23_G9U,People & Blogs,689,20,0,21900,869.2,8,21006
cpNYV-59vSA,People & Blogs,3,0,0,100000,3105.5,77,88
2ynS3ShLrKI,People & Blogs,6630,539,9,66100,410762.0,87,209788
LoRYLGzf2ko,People & Blogs,1012,4,1,11000,16760.6,8,20789
5ArfNSAubRg,Entertainment,1000,16,0,13700,2627.8,22,15323
Yofg760f3X0,Entertainment,1687,0,0,39300,14299.3,58,288180
ISu6WV_lHbM,People & Blogs,4181,114,11,49800,32929.7,9,40402
C8NPE1xgS5Y,Sports,253,1,0,25300,1193.4,40,2521
uhtFxEjfjNg,Entertainment,795,62,2,21200,9699.4,170,11051
aqLj_-rKoys,People & Blogs,708,58,4,10500,2998.0,911,5264
TbIJUKmHnGk,People & Blogs,2432,118,2,49800,32931.1,9,16456
oHuGejkTHLw,Entertainment,1216,48,0,34200,32058.4,46,117532
0kC-dXqDUvU,Entertainment,461,41,2,22200,3722.1,132,4361
68SAcAf80EA,People & Blogs,3895,152,6,49800,32931.1,9,51781
ziL9HtbIMls,People & Blogs,721,28,1,68400,26525.7,121,8879
QezZnmb_H-g,People & Blogs,934,8,1,38700,2031.6,71,3460
PrKy5GHPcZ8,Sports,451,53,14,64600,12556.7,326,5644
wu2pvIF33mM,People & Blogs,200,1,0,31900,346.7,30,888
I102sSekM7I,Entertainment,521,78,2,23800,27277.5,120,5593
cXEZATBdjm8,Science & Technology,705,46,3,49500,2892.6,117,12777
TOabzF7eKjE,Entertainment,750,16,1,36200,1252.4,61,1016
2jUi9oyCGKw,Entertainment,3214,477,33,31800,20828.3,873,41054
s-0JU6uvrcQ,Entertainment,494,6,0,36300,889.7,30,8855
JrXw5adK3yI,People & Blogs,11,0,0,24200,2160.6,25,1142
UpztAc3ICfg,People & Blogs,1207,10,0,19500,1913.9,95,2930
vas4rkaiMwg,People & Blogs,2007,329,6,14800,3863.1,78,6408
X4dhj5K8rIs,Science & Technology,1070,30,1,49500,2893.2,59,20238
nWIW1eEsd6A,People & Blogs,182,35,7,14100,3111.2,2008,3225
JqDPdnjes90,People & Blogs,1097,13,1,60800,5308.5,17,17140
V0oXQAVoE1c,Entertainment,1220,45,2,21700,104920.4,53,21905
2IBn9U1YHG8,Sports,4404,102,0,11500,15615.0,27,134888
GmUl48NVGto,Comedy,451,43,3,10400,19641.7,73,5664
qZDIDn2AXGQ,People & Blogs,12205,0,0,87700,108177.6,24,85109
oBAxwhxa-ig,Gaming,456,1,0,34900,12856.1,43,24224
404Gj1tASEM,People & Blogs,2625,60,2,45100,33059.0,102,31635
1rlM8QHhGDU,People & Blogs,10268,0,3,71000,19964.1,14,132258
ag_Gn9bbPn0,Comedy,4794,668,49,23100,31958.5,1444,68940
R166wreAg04,Howto & Style,589,4,0,47300,47970.6,42,4910
wh8W_fx266c,People & Blogs,2047,266,23,97400,171884.5,1395,41315
wQWqUaguYxs,People & Blogs,1487,104,3,95500,8238.3,84,11881
A4JxilP8Okg,People & Blogs,493,5,0,16000,3190.2,47,3361
i5j0AeaFhx4,Howto & Style,586,12,0,10600,1967.6,52,5809
38f0sDCX_tE,People & Blogs,821,7,0,32500,1831.1,33,1126
Dif_BrrR7OA,People & Blogs,420,131,33,49200,4835.7,1226,7326
NgleXRIAiCs,Howto & Style,743,5,1,52100,8670.7,24,32307
P3iEZp6Cs1k,Entertainment,457,29,2,92900,3211.8,106,9037
_G-SRV490Sc,People & Blogs,252,0,0,19000,1274.9,21,1264
fQVGS8s-voU,Film & Animation,320,10,0,12600,2112.4,77,1322
L5A2GRdIT_w,People & Blogs,531,29,1,22200,7087.1,61,9849
uPauvwFTSYU,People & Blogs,516,46,4,85700,5690.2,402,4470
BzEPEWvtMak,Entertainment,4026,79,0,51700,1547599.6,33,19643
z8fc4ew7NPU,Entertainment,4437,0,15,38900,82313.8,84,146242
3vJ79WtpnhY,Entertainment,393,36,7,66100,2457.5,243,7294
gTs7sSQWrQs,Music,1134,12,0,24400,6157.6,26,14392
k-psfPEPnOE,Howto & Style,52,8,0,91800,1778.5,585,1032
8Pe1cjco28Y,People & Blogs,64,10,2,36300,2869.0,61,967
FjQR-5Yybb0,People & Blogs,346,2,0,19100,537.0,38,550
6Mg_twdKXZE,Education,226,13,0,40500,5617.9,203,1455
Awpq0OzV6CE,Comedy,284,16,8,49900,26565.4,1023,11080
YtBflq-gKrc,People & Blogs,15,3,0,82200,216.2,491,127
NueEawKtbfk,Entertainment,1123,65,1,51500,1193.3,167,9888
nqZHCIoc30M,People & Blogs,3035,209,0,26000,111440.2,55,53631
EGSguuRmLaU,People & Blogs,4736,300,3,10800,111473.6,59,32137
URru12SZk6w,Travel & Events,254,50,3,11800,2654.4,2027,2898
RYiJMOSgbH8,People & Blogs,529,30,10,39600,6415.4,705,14696
_fsRkv_CuCE,Entertainment,1292,413,74,15000,41826.875,744,28616
EbzzBfqGC6M,Entertainment,697,19,0,93200,2731.9,49,3591
nsdV0pIa4f8,Howto & Style,564,39,1,37600,10565.0,3100,15255
et8fyX3umug,Comedy,1204,10,0,38900,21590.6,11,35988
R4F6Ec8sDvE,People & Blogs,1796,110,6,10600,55691.9,110,14471
zpIw7_Emijw,People & Blogs,750,6,0,20800,3617.4,26,15205
5etCJUulruQ,Film & Animation,509,85,8,39600,4692.0,136,6805
QErHNI8ddLs,Sports,403,18,1,24900,426496.4,66,4568
UjBwfTDX5EY,Entertainment,5186,0,3,18100,11648.5,51,44824
vjqfq08PC_A,People & Blogs,22965,887,8,39700,699591.4,35,268292
Yv1JcljFNnU,People & Blogs,875,0,1,44300,5520.2,53,5945
NAzGrgc2o-Q,People & Blogs,3737,65,1,45100,18254.3,88,20232
N7Xguanmo_w,People & Blogs,1,0,0,19300,199.7,104,12
JUZxhgaGyoY,People & Blogs,244,0,0,42200,10590.7,36,1650
ydfZjQDoNoc,Howto & Style,67,0,0,52700,113.4,42,403
sfluOMiLJ0M,People & Blogs,142,5,4,11800,380.3,154,651
x0s3ivuyvv0,People & Blogs,20,0,0,15700,1577.1,308,70
RUn2ePrgv68,Science & Technology,10,1,3,26500,624.9,712,542
D1XeB6wpK6Y,People & Blogs,27,0,0,31500,2361.4,792,233
50VImfXCzV4,People & Blogs,24,0,0,34100,1077.9,61,172
hxpGlO_xypE,Sports,325,11,0,71800,9840.1,10,2855
1k6JZjI7_lg,People & Blogs,3530,0,0,92500,7889.2,48,36694
rPNe0SDoejE,Gaming,443,41,8,27000,7947.8,91,3186
ebzgJL2IStg,Travel & Events,553,30,5,20800,5770.1,2197,6131
clIBTfHqTcQ,People & Blogs,540,60,10,19100,19690.1,741,10128
Br1FYBvdqSs,Entertainment,2176,0,0,25500,17640.8,16,8580
AvEolSAAnaI,People & Blogs,3219,84,0,42700,4658.3,25,4468
Kl8EF0WMC_k,People & Blogs,208,1,0,11800,523.5,53,927
y4l3s5mJ8yE,People & Blogs,1482,13,1,39300,2577.5,90,2324
i8QfD0vcqTw,Howto & Style,2986,0,0,68100,9645.9,55,139034
b9fLQvSKyTw,People & Blogs,608,13,0,92300,6661.2,26,16740
jd582OIvKTg,People & Blogs,566,6,0,32500,1892.3,13,1499
dBqfcgz-jzs,People & Blogs,4854,214,1,16300,27513.4,68,33508
RjmWKeRDYgM,Entertainment,609,0,72,14100,26153.6,38,24878
Efa1QqNoNz8,People & Blogs,608,3,0,32500,1897.5,13,1171
MdpbbL_xMCM,People & Blogs,790,9,0,35600,2746.7,21,7294
_BIlXKZUw14,Pets & Animals,1685,58,0,84600,48204.8,105,80330
OQlm-Il9Oi4,People & Blogs,4526,295,22,13900,7741.3,108,15564
SYNAT-QJTqw,People & Blogs,410,90,18,13900,7741.3,362,2809
qvK71_8GJcI,People & Blogs,91,0,0,16900,395.9,46,736
U03puHiTcVU,People & Blogs,434,3,0,27400,401.1,27,1096
Wa_xITp9Gh8,People & Blogs,124,0,0,10300,379.2,171,1474
-I7aqyMi3xA,Education,69,2,0,19900,118.5,37,131
rhy0l7Q_p28,Howto & Style,704,19,2,28600,4257.0,106,11173
OXOy60zCbzk,People & Blogs,2878,192,10,20400,53869.2,766,30566
Fg8Z9BT2ca4,People & Blogs,8890,186,1,13500,72644.8,35,1276577
J6lZEuoOx6Q,People & Blogs,23951,162,0,44300,184769.5,22,91673
bqDy_Tsfi9o,People & Blogs,2380,0,19,13600,11766.4,35,13032
xOl3_ACKsww,People & Blogs,7424,197,0,52900,108205.9,79,49473
haGYRYcXvmk,Gaming,3152,231,48,53000,73915.2,861,20714
PZbmn4N-B9U,People & Blogs,5038,540,55,43400,25056.3,1448,159321
eR3PRKi1w4s,Travel & Events,2371,52,0,18800,7367.3,98,30758
5QamdXXIsrw,Entertainment,1242,239,30,66500,35689.4,208,31369
yEB_vI8o1wM,People & Blogs,3046,0,2,17400,19949.9,58,1366580
mkBSmnc6Ny0,People & Blogs,4530,283,16,15000,50201.1,104,65044
pSrRiRMgrg0,People & Blogs,6895,499,3,51400,148867.0,57,93554
v7PpdMpCC0A,People & Blogs,2021,49,1,34400,1034.0,61,13077
J7b88ykDdiU,Science & Technology,380,13,0,30800,1383.6,39,1145
6xMRQliY8VM,People & Blogs,1711,0,0,12600,16646.7,29,14948
7j948dk5Mo8,Entertainment,3190,23,0,12900,17068.9,29,215639
R6ACo_cLRI0,People & Blogs,4516,105,0,11000,22356.5,38,126679
WebTozUjD8g,Entertainment,1826,0,7,20400,11348.4,41,23718
AZ3977Im5n0,People & Blogs,13016,2237,143,67400,540355.0,2823,263973
EUVPxo7qCpM,Sports,379,19,4,42800,16730.3,995,5064
SZg6vO9dIbQ,People & Blogs,415,6,0,32500,1024.5,39,965
AAg14apnrrU,People & Blogs,231,22,3,18600,12266.7,661,6237
89nJgvJiTv4,Howto & Style,400,13,1,97900,790.1,73,2549
A98JZjr8sB4,Howto & Style,592,5,0,24100,3086.9,16,8421
HQeNADU7A8Y,People & Blogs,104,0,0,15800,822.6,27,131
dYvayJDwHkI,People & Blogs,416,14,0,25400,2888.9,21,8588
cjuptXXzm0w,Howto & Style,685,18,3,83000,14084.2,17,21498
ecAVOzUBL3s,People & Blogs,1594,13,0,14900,785.8,52,24214
FMIzzOlD3Gw,People & Blogs,816,13,0,79600,7985.4,59,4367
t0rVdSW_Qck,Howto & Style,3304,199,21,12700,61000.9,29,46698
KkOwKBv0F7s,Science & Technology,308,4,0,54800,2338.1,85,2405
dMlvYWjbao4,Education,1014,80,2,35700,11419.6,69,9454
JlgDmpDHoew,Entertainment,1905,187,3,75500,102673.3,41,30627
-vYrxroRzcI,People & Blogs,3602,74,2,19200,3894.1,14,17500
j5Vm9dTCwuU,Entertainment,690,37,3,35000,8340.9,50,16759
PzLQpV2ySvc,People & Blogs,535,18,1,22200,1303.8,24,2758
y4PvD_oUzvY,People & Blogs,780,0,1,11900,10813.5,37,3043
EMIcuNbxQkY,People & Blogs,4571,89,1,21200,165427.6,50,22273
Z7sdrxjSB1M,Entertainment,742,15,0,75800,5215.0,53,5992
vv9_Y_XWmHk,Pets & Animals,356,6,1,47500,2553.6,38,1494
5fzy5ELnHN8,Science & Technology,220,41,4,38700,4819.9,799,4549
NWbXgEn1rOA,People & Blogs,767,0,0,10100,4505.1,45,4926
1ESIKmX9zDw,People & Blogs,273,6,0,32100,2556.0,46,1642
xKxfLv_Ss6w,People & Blogs,455,9,0,28900,12041.3,61,2558
cSz1Sy4SCP8,Entertainment,339,7,0,73000,3791.7,35,4256
PsrNZsBRxX0,Entertainment,475,6,8,70100,2850.0,30,2715
1wPOCrBttq8,People & Blogs,4723,132,4,49900,23440.0,9,35814
8ACWBm_QdQE,Travel & Events,683,12,0,39400,16003.8,23,7530
jN6mPUuCMbI,People & Blogs,293,31,10,13700,1451.2,56,4021
OPGMmlHgilg,People & Blogs,400,344,15,27400,1762.2,5532,2575
Oj-vgy0OMKw,Gaming,4619,25,1,99200,45085.7,1178,204647
VcvfJAwbMYg,Entertainment,267,6,1,17000,4402.0,62,3419
3fV4M8xNxIs,Film & Animation,172,0,0,20900,468.0,29,409
36mi0V1ll0I,People & Blogs,26,0,0,50400,368.3,19,662
0JZvLW0P41s,People & Blogs,695,5,0,17500,3729.2,88,2424
o2v8nGZbPAA,People & Blogs,4481,77,0,12600,13818.9,21,263639
c2XKndOQrIE,People & Blogs,914,6,0,54400,8407.1,36,36404
jiBLb5C04SE,People & Blogs,268,6,0,20100,346.9,181,798
6HGzEGl2ea4,Comedy,8827,0,3,38500,628867.8,25,232985
rsFtJapyO_8,Howto & Style,1948,222,2,80300,44863.4,38,756722
TN145HHuNS4,Sports,518,5,0,10600,38844.5,33,23355
OI4kkpw30o0,People & Blogs,1143,80,2,37400,15785.7,37,175468
fuknVtmthPo,People & Blogs,9013,588,2,49500,207832.2,67,279167
2OskpONunSk,People & Blogs,5159,0,0,16000,149598.4,62,162076
nxZt5s9Pcqo,People & Blogs,12889,817,10,57200,133908.7,135,185524
wLIr7U3__V8,People & Blogs,3802,668,0,67000,37044.1,60,67830
OGaDmS0k1B8,People & Blogs,3693,0,4,26300,199037.5,53,260768
6RUYHpFN9uk,People & Blogs,570,0,0,35000,14910.8,33,11571
v8z7_ed9iz0,People & Blogs,623,7,2,90000,9615.1,40,10710
LTNJp55yB9o,Entertainment,3298,0,0,10300,39839.2,29,25736
0mTL6eDEc7o,People & Blogs,844,52,3,31900,8358.9,93,22499
d2bpE3HJ_2k,People & Blogs,1344,22,0,18400,19483.9,37,23466
1Wz-nGMgOQI,People & Blogs,1462,0,2,44400,40052.3,59,60385
RHw-Sgq8JfM,People & Blogs,2944,119,2,98500,120958.3,42,123125
4OCtwFr7w9U,People & Blogs,1382,0,0,91000,1517.9,47,1803
Y6_a0k1ICFE,Entertainment,4239,0,7,22800,21869.8,48,22539
5_WNu2KOrYs,People & Blogs,713,18,0,12400,7879.3,41,50069
WP8s7OixvAM,People & Blogs,2678,139,6,91800,22682.6,75,49565
kEXraiKz9OE,Music,328,0,3,80400,925.3,58,1286
2Ip4ign24C0,People & Blogs,407,2,0,13900,721.0,55,549
l5iP4S0397A,People & Blogs,1351,9,0,10800,5997.5,18,1900
UMiTo0GSFjI,People & Blogs,1409,152,8,31200,36251.0,88,10735
YAGJ4R2Fj4k,Music,327,1,0,16600,569.3,31,1229
jtKZlEamto0,People & Blogs,979,105,8,16300,5171.2,1238,8434
keJ_5mLO0NE,People & Blogs,2024,4,0,35200,663.4,52,2581
wUyNQfpG-QU,Entertainment,1257,24,0,16400,4583.3,79,26317
drwpvVgAoX8,People & Blogs,1141,70,7,92000,4844.4,33,39383
fXVgIYcPWnE,People & Blogs,964,0,4,20300,9358.9,34,27519
CU314OJ8fik,Entertainment,90,7,1,84200,1363.2,94,764
DLQ2qZq0cS0,People & Blogs,2169,0,0,57700,79773.9,26,24808
sb1pwTpKTW8,People & Blogs,120,0,0,12400,1006.5,39,1315
hCg3uuEusiM,People & Blogs,225,0,0,70400,683.3,56,773
uW4gI5tNY6A,Entertainment,396,7,0,32100,3009.4,57,4874
7MWCoeQS5V8,Entertainment,2369,0,0,59700,25282.6,10,26489
v4WAgVnH2io,People & Blogs,36,0,0,85000,543.8,30,1097
0LAxibFW3H8,People & Blogs,3691,350,27,56500,29502.6,1024,30458
1zaWBQLTvFk,People & Blogs,615,29,1,18100,11137.6,21,3757
9ObVBIXlL7s,People & Blogs,1181,15,0,35000,692.5,22,4628
2m2LdYxHuG0,Entertainment,1908,52,2,28900,357507.9,24,557623
EjJpW8UMd4U,Science & Technology,689,7,0,51100,4040.3,31,4620
GUGE6AE_g_I,People & Blogs,359,6,0,10400,1491.2,82,870
EZduFxcXDh8,Howto & Style,604,98,8,43500,8831.0,891,5711
kpZczOaKXvg,People & Blogs,171,12,12,11000,2551.6,539,3463
BRu56eBW0Z0,People & Blogs,697,31,1,18900,702.5,57,1323
I-n67S78dC4,People & Blogs,371,7,0,12900,425.2,22,708
gqHKrR9yIC0,People & Blogs,767,0,0,17200,1040.6,21,1360
NOnB9dvBbHw,Education,326,77,80,25500,44749.9,774,3368
J9S9T-MjHGs,People & Blogs,548,82,0,15100,2824.8,1873,4646
VqQyvf43QoY,People & Blogs,2916,60,0,11600,5848.5,104,11620
KJJ5gBQy5SY,People & Blogs,498,0,0,14100,2481.1,60,1348
f0084gS3mOk,Entertainment,799,20,0,20800,237.3,22,1271
Qi_ysO9M7b4,People & Blogs,18797,792,24,47600,145141.1,31,133622
NHQDNHo8vtY,Entertainment,1161,116,6,86400,16810.9,439,18608
bqo-_EAlpUE,People & Blogs,1693,12,2,40200,4264.6,52,2794
Ok7xQj9CbuE,Unknown,70,12,2,20900,5642.0,0,1903
7l3xqKvQNT0,Entertainment,1607,284,17,75900,42673.6,58,37044
IEBNNKIpcdg,People & Blogs,621,27,3,13900,5622.9,1004,7834
kFXnmdgBoaI,Howto & Style,422,10,0,11000,1510.0,45,1049
y645PDRbInE,Comedy,1327,98,54,66400,11613.6,938,15267
VC-O0yIC5Mo,Entertainment,4496,205,7,34300,55334.3,40,48059
1lf4b2YP_ys,People & Blogs,5120,165,6,48000,127969.3,38,67349
W8Ihu5uAroI,People & Blogs,3257,698,76,100000,50203.7,2181,58367
R7Mh9fT3OBY,Science & Technology,396,1,0,45200,3000.8,17,1697
9npPkaJSDpI,Sports,729,68,8,30500,3808.3,404,3595
8yd5xye1k5g,Music,489,53,1,33100,2173.1,44,5016
PlJVpF7MumA,People & Blogs,1157,105,4,15300,7106.5,53,10930
dtkIYFgSMwY,Science & Technology,720,72,2,15600,4084.1,32,6147
baxh--I7Eeo,People & Blogs,1346,93,10,56800,5766.7,177,10099
XcyTMmoJiSI,People & Blogs,564,51,4,94200,7413.6,1024,4902
XhmOqKJYnWQ,Science & Technology,3386,312,5,46300,64268.7,100,86738
pmNVtuX1M1M,Entertainment,1263,15,3,67200,180300.7,25,20769
kobXsP9eIMI,Comedy,1553,106,8,10100,2899.8,38,10148
7_oDsuZozeI,Gaming,910,48,0,19100,3130.4,23,23281
4RGc-sajs9U,People & Blogs,2031,254,7,65000,21942.6,180,25101
UHWhKUmof0w,People & Blogs,395,80,23,10400,3904.2,2808,3828
wf7vgQ8TNCs,Comedy,2013,75,3,80100,7286.3,48,11690
sBobbh5CmCI,Gaming,3941,68,1,15600,25779.0,25,30898
vTrKaKRF9jk,People & Blogs,2435,73,1,49900,14359.1,9,33679
RtUbDUF-vJk,Autos & Vehicles,413,11,0,18400,5333.5,85,15465
rO4L9Z0cryY,Entertainment,3555,141,3,96300,3594.7,86,179386
2zxoO6odfBM,People & Blogs,1899,250,4,68300,34439.6,115,29554
5QUMt4libpM,People & Blogs,263,34,9,35500,2201.2,579,1565
_azM4t5Lh44,Education,752,95,4,24400,10363.3,78,21415
ot2dp4wefmQ,Science & Technology,719,49,12,17100,11492.1,119,9575
DFAmuBr0THk,Entertainment,850,43,0,21800,4477.9,61,36069
l81l0TyZDA0,Howto & Style,168,23,1,20300,1203.8,1481,2266
qNnh_1E-XPQ,People & Blogs,437,25,2,62200,244.7,62,26073
v-e8mVTcR8M,People & Blogs,257,8,0,25400,4961.8,18,10426
Ikf-jJ6OCds,People & Blogs,909,90,0,69800,3628.6,19,6980
iMw84GCykic,Entertainment,385,17,1,16100,36914.7,32,2343
LFqCp3xhC6I,People & Blogs,1,0,0,13900,27.6,19,12
M_39d0h6iac,Entertainment,470,105,11,33700,4486.3,1007,7306
N402ckL6KVA,Entertainment,238,66,5,41000,2814.1,1269,2348
dd654OmAsp0,People & Blogs,402,8,0,16900,487.5,27,1238
5vdbvZHVRho,People & Blogs,204,7,0,16900,487.8,27,1146
Lm-toc-udCM,People & Blogs,1068,32,6,69700,10457.7,59,9438
BMwquNN8H3s,Music,983,9,0,24500,3003.5,44,7559
mytoan496hs,Education,2644,0,0,51800,7528.7,37,4219
uvrfA1q3Pxs,Education,366,86,26,94100,24720.5,1476,7743
3r2jFP9FAxI,Entertainment,81,23,6,76300,2199.6,1016,946
Aw2lWYKKeoc,People & Blogs,1076,167,16,10700,41687.5,60,14752
f1lDPiPQHHU,People & Blogs,1,0,0,64700,0.8,192,3
-2gVo5Hgec8,People & Blogs,15681,887,23,61400,99605.88888888888,73,249461
sD7GG7nuZmw,People & Blogs,1224,133,3,18600,6592.8,132,26679
lls2xVlvDZo,People & Blogs,26050,923,16,37800,442679.0,8,883210
KVdyV7jp-Fs,People & Blogs,447,22,0,46700,3246.2,181,2813
FOnrYZG6jkQ,People & Blogs,644,61,2,10000,12625.4,30,9927
5jauQ9Y091Q,Music,735,5,2,16700,1214.5,37,1238
FERR2SE21EI,People & Blogs,1535,6,0,12300,1062.8,29,2012
kmv5ZjKBBV4,People & Blogs,283,21,1,20000,836.0,829,1203
c-pLak1nY-c,People & Blogs,193,10,0,13000,757.0,42,620
MAlSZsfiARw,News & Politics,299,45,6,41000,515.8,738,2040
LT0k6grHo9Q,Entertainment,568,128,72,47500,8271.6,2982,5948
O9GDGHopNYs,Sports,725,51,10,93200,12706.7,79,6036
XGTHlLqMxuQ,Music,714,28,0,16700,1798.6,50,2518
W-oOIG_57XU,People & Blogs,2947,128,4,29800,23491.8,18,90320
CwEEyLbiMVk,Howto & Style,406,48,9,56500,14912.2,1282,10602
gUEyoJfPQnM,People & Blogs,512,71,26,61300,12425.9,664,7655
usrOkRw9arI,Gaming,1467,55,7,30000,6816.3,62,21730
4h4b7lf7ZgA,People & Blogs,11996,357,1,29200,12077.2,18,282937
rnYGdfCALxM,Autos & Vehicles,115,20,1,34300,6730.9,1013,3856
sn0DaOB2NDk,Entertainment,295,5,2,59600,18575.9,562,14618
iz4MbCiMKJE,Entertainment,195,10,0,30600,361.3,63,729
AgHWi2XP5yI,People & Blogs,12,0,0,31400,895.1,12,1047
nRv6oah7lx0,Entertainment,454,19,8,21700,1976.5,79,1395
b050VMDdNBM,People & Blogs,4,2,0,13100,837.4,128,30
HaaycE57jnY,People & Blogs,1054,63,2,72900,28107.1,14,22962
Gv1FazYBIj8,People & Blogs,68,3,0,21400,691.2,12,8869
wSiREW-yYpM,Education,464,0,0,27000,430.5,13,3205
6dqrxzj5wMM,Sports,567,23,6,36000,19328.4,134,8351
gLZD8S8hznQ,People & Blogs,498,8,0,14900,2129.6,17,2226
apUvr0-zQNI,Entertainment,330,0,2,35500,4609.8,1229,3750
8A-C5xd-brA,Entertainment,620,9,0,11600,6974.8,70,1537
J4IAWogFs20,Sports,538,61,0,30900,6596.9,51,2314
z_SlBRmVcSY,Travel & Events,851,266,13,11600,7915.5,1165,8624
vwkyfHm4wLs,People & Blogs,3622,529,18,65800,26796.6,64,72621
zojM20weFwE,People & Blogs,0,0,0,25900,520.6,626,24
oCeIgXCkUJw,Entertainment,3087,148,7,45000,17643.9,30,34126
wsdPthu_In8,People & Blogs,978,9,0,37000,6104.7,59,2225
H93Mi_Io2yg,People & Blogs,1,0,0,80800,88.5,36,168
u7K2EJL6O2Y,People & Blogs,1010,33,3,16800,5744.7,95,20688
phlQTllrSsY,Film & Animation,909,14,0,38600,175.2,29,4087
Ef02GBpx9Kk,People & Blogs,7253,213,14,51100,4632.3,16,118588
e2Z1LqTLoGg,People & Blogs,375,15,1,14100,6936.8,9,4887
y6A_DhzSp7M,Music,782,188,26,87000,6356.7,1401,21959
IIC6XtVOzOM,People & Blogs,2020,107,4,19500,26420.8,111,49058
yLS8ZlnMdGU,People & Blogs,534,11,0,11100,1345.9,28,1798
p60u7KrvtZA,People & Blogs,68,1,0,30900,1965.8,52,464
S1RNFQBxIGk,People & Blogs,1999,483,40,16800,4984.2,215,5114
sDhLdDbiqpY,Pets & Animals,1983,192,13,41100,7369.0,91,7133
cVzo6Ncyc5w,Sports,211,15,0,22500,1318.4,33,1684
CpWN-H4Kj_g,Gaming,4440,1073,40,44000,64554.1,84,284578
d1FsMwbLVi4,Howto & Style,161,33,3,26500,16219.5,1271,15043
dqJijWyR-0Q,Music,219,0,2,64400,246.4,155,243
8zSwn0dFs1o,People & Blogs,378,145,17,14900,6151.0,2015,5220
-A2uCK2elAU,Entertainment,526,80,2,14100,5783.0,1952,7021
pnsbfmo937o,Gaming,525,58,20,15000,20168.4,24,34282
_TIwlbbOxOM,Sports,252,44,3,30900,3625.1,733,5126
bR6u09sawBU,People & Blogs,354,80,21,19200,11063.2,622,11685
K3akJ6o_IgI,Sports,547,24,0,72100,9202.3,14,5043
uIH8Gq7La7M,People & Blogs,3703,10,3,24600,4349.1,32,4062
gWQAiys6MH0,People & Blogs,469,0,1,17500,5777.5,48,4541
4g46aRbfaF0,Entertainment,1889,76,0,13800,3000.2,12,26860
nJCe-L_fatA,People & Blogs,1610,15,0,24600,4351.4,25,30957
n-XrA7y8zc0,People & Blogs,907,4,0,24600,4353.4,23,27910
llhsf5vL-7Q,People & Blogs,4834,1016,60,89000,8546.3,0,11787
H88GpuZ-N0k,Comedy,3749,32,2,38900,17251.2,12,170977
UI068VWZHYE,People & Blogs,162,3,0,16400,5526.6,93,859
6CXP2RW1Sy0,Entertainment,62,13,17,29000,462.1,1007,260
ct53g8Nzebg,People & Blogs,1998,17,0,10800,2084.3,16,14395
Ti-tWoGc6yY,People & Blogs,893,35,2,72100,14643.7,41,18004
6PGpru028aw,Entertainment,712,15,1,49100,3572.0,25,17026
Cd64b6qVjO0,People & Blogs,751,29,1,44700,2929.9,60,3561
M2SEPzBR2Tg,People & Blogs,2771,59,0,10900,18081.2,11,9391
nDD6JOqxQnY,People & Blogs,611,7,0,49300,8980.5,6,39628
7r2mlswbp1s,People & Blogs,3510,365,11,10900,234352.4,42,393207
CRpqetQb7xw,People & Blogs,857,17,0,11700,547.9,37,2651
tN_UU8qkm-s,Howto & Style,651,2,0,21600,17481.6,27,8718
QmMApseCS_g,People & Blogs,2791,35,3,80100,95341.5,15,36463
lTmp84rnOiI,People & Blogs,538,12,0,65200,9280.1,15,9177
uNbeyI1Nb_U,People & Blogs,13431,757,21,69100,63988.8,87,148514
8cbvbmH87tg,Entertainment,613,11,0,93500,2145.5,49,3193
nl30Li_ZOZA,Entertainment,596,0,0,11200,2595.5,33,870
njH4Zbh8DaA,Education,627,7,0,70800,12496.6,32,4307
-hBHGfjbJtA,People & Blogs,304,0,0,44200,8966.0,16,1166
AUeBb33yevU,People & Blogs,378,20,4,19400,1982.3,85,3029
YfAwUdaQEGk,People & Blogs,523,0,0,26800,13062.9,67,1521
KMeJT875aHk,People & Blogs,3053,0,10,18500,14357.2,57,114928
nEeG69VGV10,People & Blogs,644,14,2,19000,5400.8,30,32335
Qfp9Y2wXKCQ,Entertainment,673,8,1,72900,12787.7,147,5384
dSo6_E1a_mw,Entertainment,937,8,0,82500,546361.1,10,37917
qCD5TErXIL8,People & Blogs,440,5,0,65200,9280.3,9,55319
st1CGrq1y5Y,People & Blogs,638,4,0,16100,16559.3,13,14237
oebbixZZCws,Entertainment,2788,0,0,39400,23543.5,30,50663
l9d7aWGzZx8,People & Blogs,630,1,0,25300,849.0,16,14994
vQSebrseDwg,Science & Technology,623,4,0,15900,2835.9,16,6531
ZCGx0SWzg7U,Entertainment,433,0,0,28000,5110.4,15,1496
tYovdGPUaEI,People & Blogs,1159,151,5,90000,167657.7,100,35151
-jZzreuEAGM,Entertainment,1559,176,29,30800,8294.5,63,12031
HoRjZ5v6x_c,People & Blogs,2965,0,0,16300,76487.1,9,153766
bTryFZ93H5o,Autos & Vehicles,296,2,0,13900,141.6,52,778
ZAW0i1XQWwE,People & Blogs,545,0,0,22500,35659.8,41,31016
y5_EvihDJ4c,Unknown,8,0,2,12500,1285.5,0,110
LsnWIbVgZ3s,People & Blogs,4490,385,3,19300,11322.4,33,7174028
VKCVxnK-Noo,People & Blogs,4063,0,0,56300,123150.7,22,57096
fYq4vxRVJog,People & Blogs,989,8,0,52800,5975.8,35,25045
vbfqtJ7KhG4,People & Blogs,2631,15,0,11100,21014.5,6,37998
8cRUZE7WGFs,People & Blogs,1919,132,9,12400,10675.6,82,21779
kKbjGondA8A,People & Blogs,293,11,5,13500,2667.7,62,1627
TUwUvj121KQ,People & Blogs,5143,190,1,16400,25998.8,23,107827
ViVV5IxP-_g,People & Blogs,1496,0,0,92500,9591.2,22,24902
5SdtgDqQF68,Entertainment,4573,215,0,34600,28506.5,45,579689
60uBNMKljGg,Entertainment,591,19,2,11000,2207.9,49,1599
V18ptyb_BGM,People & Blogs,4622,108,1,50300,553198.2,20,30950
AIrOMxhBlsw,People & Blogs,10126,0,3,71700,34669.9,26,186748
SIxpxeaxa1k,People & Blogs,561,25,3,80000,40155.8,829,6309
5W2vUhUE0vw,People & Blogs,1012,9,1,13100,4559.5,18,120272
aukDIMnn-30,Comedy,289,4,0,15300,1837.8,20,579
AQwI3NlLtGg,People & Blogs,1068,12,0,10200,11835.0,32,25279
mpen5qOFiGA,Howto & Style,559,7,0,24100,5066.1,21,8363
OEMvnwsE_DY,People & Blogs,1027,7,0,16100,18573.1,11,41360
tKEhMd7eCCc,Comedy,2395,19,0,38900,14791.4,10,46619
_llCtWgom9I,People & Blogs,3448,54,0,26500,47533.2,43,198635
qyJuXc25CsY,Film & Animation,834,0,0,20900,389.8,38,1230
Oq35XBJvUqg,Entertainment,8018,501,10,59500,247231.0,90,346615
8Vx-Bog6uNQ,Gaming,110,13,2,12700,561.5,1235,1073
MeWHAYH_Udo,People & Blogs,782,44,1,64300,41427.2,98,10564
qXQr8mYVi2s,Howto & Style,647,0,0,23500,22605.2,23,18645
A9VDBrrxblo,People & Blogs,22729,112,2,44400,111551.7,18,44696
emXCdRrUWi0,Entertainment,2079,6,0,30800,781.8,10,2424
mFLr8iffNeo,People & Blogs,1841,0,0,44400,5611.1,14,5499
sAX_aHWMAcw,Film & Animation,155,17,8,54700,2873.5,138,2294
2XHPAnR51Mg,Entertainment,632,13,0,62700,169568.9,34,32337
Chn2dgbizVE,People & Blogs,889,7,0,22800,283522.6,11,30887
-qGqagAMt_Q,Entertainment,2671,6,0,30800,780.4,10,3394
teUhyeTi1nE,People & Blogs,3,0,0,15700,1279.0,245,65
DpfRCtOyogo,Sports,677,7,6,27400,14272.5,12,24707
_AulS_zIewc,Sports,4326,11,6,27400,14272.5,9,29431
ED62M18FLGA,People & Blogs,5868,562,9,57200,72719.3,163,51788
SUk1z7vjFxw,Howto & Style,247,0,0,29800,336.9,60,1317
WTbPfyKOKbI,Gaming,460,16,1,17200,1381.0,59,1366
ppKaLW4YVhg,Howto & Style,810,12,1,83100,14068.0,22,16531
L07iY8ygE3E,Entertainment,3907,502,9,75700,96488.3,44,66551
X4KDdMwQNeg,People & Blogs,420,1,0,14300,691.2,171,2862
NkG9tBXQR_o,People & Blogs,1075,19,5,13000,620.9,29,2839
6b74oSmf7oo,People & Blogs,1843,315,7,13400,41712.6,76,48159
qEEVvBzI77I,People & Blogs,367,0,0,10200,2740.5,48,1861
_Ya3PqHaRis,People & Blogs,1045,0,0,55300,15589.8,81,26935
dOGJKjuO58E,Film & Animation,369,0,0,20900,420.1,41,477
GoGIjkf8g5g,Film & Animation,444,8,0,61600,18516.4,72,750
9o7c7OA0euQ,Howto & Style,1507,76,4,29600,4373.0,90,106626
5YFqE4H92ms,People & Blogs,1250,27,0,64600,5379.5,29,8074
2JTQXjILTpk,Entertainment,546,20,1,93800,2573.2,42,3357
YlAY5nWT6po,People & Blogs,95,23,11,22200,1289.7,90,680
UvrUE77ZayI,Howto & Style,544,4,0,42300,1358.5,17,5576
gFEVH28cNzc,Entertainment,1268,41,4,95700,19415.4,57,39504
fT7zGo1dSHQ,Autos & Vehicles,3783,390,1,43400,34164.9,79,28523
gtVt2pI8B_E,Science & Technology,153,16,23,72500,700.7,936,1872
7j1UR_xum2U,People & Blogs,13,0,0,12100,216.7,20,165
quiWDsmUcmg,Comedy,911,0,0,17800,1647.7,15,2270
E0nB2p5SU6Y,People & Blogs,1247,0,2,14300,16330.4,33,4371
m16BZwyHpSw,People & Blogs,530,31,3,16900,8686.8,53,41902
NGfNBr-GF9U,Howto & Style,148,16,6,91800,2035.4,535,4521
b-SvH77QeSo,People & Blogs,744,4,0,12900,1142.5,37,1092
ewOA28Ogm3Y,Comedy,1749,76,2,13300,41532.5,69,107571
m7XhtmI80LY,People & Blogs,1040,38,0,77000,40990.9,32,16277
5wGJ9RAMxbc,Howto & Style,56,4,1,12300,562.6,410,643
IcpoeR8Txl4,Education,488,0,0,13000,1255.3,9,1876
FZWZ9fSnHUY,People & Blogs,120,0,0,10700,895.0,148,1448
tF8OWLizo4c,Entertainment,1003,0,80,14100,29019.4,31,7091
fGAKwvWH7Kg,People & Blogs,617,3,0,70000,598.3,80,873
XKwrotGdFek,People & Blogs,264,29,3,35200,25947.6,1351,5545
VQkPCvTm0G0,Comedy,368,34,1,28000,36149.2,676,4984
REowfo7w9uk,Film & Animation,743,29,0,76300,5325.3,99,11925
jwbhifTvEew,People & Blogs,1450,65,1,48000,103450.7,33,101502
CaY_bYsEy2g,Entertainment,1431,6,0,16200,619.6,49,1827
5XjmKZJscX8,People & Blogs,3425,0,0,27600,9905.5,40,35814
diRiwexQcX4,Science & Technology,717,7,0,11600,283.0,33,1747
PDPy8ejqNuE,Howto & Style,557,19,7,10600,2962.1,40,1215
5z4UjsFj5o8,People & Blogs,1738,93,1,17000,18541.1,87,14725
YfsE_IEPl0I,People & Blogs,1618,42,7,28700,9162.5,45,12330
E3gaa7WPi3I,People & Blogs,5473,98,1,14600,16255.0,61,20879
w67pKqVx7ic,Entertainment,808,3,0,10800,437.0,134,1334
8irAHq2Dy88,Film & Animation,630,16,0,12600,2581.2,56,7764
PCTRDVJGwz8,Film & Animation,875,19,1,64700,40856.9,52,17361
4zY86j6JfBM,People & Blogs,4156,0,0,10100,924.4,61,5292
47Snfnwi7Tc,People & Blogs,26131,2782,13,58100,287746.7,26,1083512
0Cw_p35v7nI,Howto & Style,609,32,6,71000,8868.9,911,6966
n-RoHuz3oD8,People & Blogs,2293,174,3,26200,161853.1,77,41045
wWjRXS9avBo,People & Blogs,4869,158,0,29000,108018.5,37,58122
zCf0Ma3AMnY,People & Blogs,1116,10,0,54500,7011.6,34,11988
xlb4Jx_Ee-k,People & Blogs,6670,164,0,13700,87708.6,31,60028
8RgqCdaN2Oc,Autos & Vehicles,3398,368,5,43400,33953.9,56,43950
Kazi2GivHLA,People & Blogs,832,0,3,43900,3628.9,52,4858
11NAkKGZh58,Howto & Style,8,2,0,11600,229.5,181,55
wWDSSQ4395Q,Science & Technology,1160,6,0,45300,2732.5,50,8096
_DQDOZkVa2Q,People & Blogs,7351,97,0,22100,10499.7,21,124955
wDizJ-G9GQA,People & Blogs,3117,113,10,48300,148942.2,63,24366
g30FqNIc7PI,Science & Technology,450,86,0,36500,10689.7,609,12032
ETrSc5Vjw6w,People & Blogs,3,0,0,24900,598.5,110,113
fArqiDeRYns,Howto & Style,110,14,0,18200,2260.1,1028,1348
DacSktfwX1w,Comedy,1098,73,3,11100,30192.9,98,23512
eVR8lpnIhSg,People & Blogs,1211,76,0,18100,7127.8,20,10007
_Lhi2rPPEHc,People & Blogs,4156,363,22,10900,33282.3,31,32197
1JeYZfpVbrg,Entertainment,848,16,0,75800,5008.8,97,6726
lLyiqTEJTDA,Sports,261,0,0,13700,11568.4,16,31157
1gj8kdZv37A,People & Blogs,524,30,5,17300,7740.7,1191,6458
eayGx6Ak8Fo,People & Blogs,14356,106,0,44400,108836.8,22,1000196
oKWLhoJxZGQ,Autos & Vehicles,9,5,0,28100,4759.9,783,388
V6Rli-Z33kI,People & Blogs,2980,59,1,13100,3665.8,24,49383
-jc6jg36pl0,People & Blogs,2121,21,2,13100,3664.0,27,11058
dkfeVswqEAc,Sports,283,7,6,28800,2180.9,53,1253
8tZw_mfKyaA,People & Blogs,928,25,0,13100,3664.0,35,5485
Tyc9QmNA_OY,Travel & Events,650,27,0,40400,15946.8,31,5428
xkP0AoMxc1Q,Sports,304,0,0,10000,666.8,29,1020
dxKFXcc1nqA,Entertainment,1152,53,1,38300,4101.5,158,11131
BPhRaQ7J0PY,Entertainment,11468,627,3,94000,42868.9,55,577988
8-oMcinoyoM,People & Blogs,458,41,4,23900,10576.9,608,9377
YRkA8xhzK8o,People & Blogs,476,26,2,27500,4076.8,955,10099
gr1Al9KN5JQ,Science & Technology,1050,21,10,53800,4890.2,93,5467
9FHaePlzNMk,Entertainment,744,3,0,68600,1352.7,62,1013
UhcVVsR2tCA,Entertainment,1268,62,2,72300,34751.6,85,14908
wZwe6vuNhQI,Pets & Animals,1188,9,0,49500,10418.2,29,20002
fUBhMMceFn8,People & Blogs,268,4,2,35000,919.8,22,1275
hnXWMPy2AdM,Comedy,2045,16,0,38900,19381.8,9,32342
Jj2wbrO9ElE,Entertainment,1398,0,8,34900,675.9,43,1862
31ja2pV_X3M,Howto & Style,339,17,1,27600,10529.4,982,2990
Yt-918_OH6c,People & Blogs,3698,0,0,11400,4484.5,51,5389
J-cB2GB0HVQ,Science & Technology,611,4,0,73000,1328.9,25,1643
tRDgCPrxsxk,People & Blogs,55,0,1,11100,35104.6,3165,2417
Giy9muwfQ4c,People & Blogs,192950,0,3,21300,4578716.9,13,2565321
PYILxfbIkgw,Entertainment,245,0,5,24200,1384.2,161,2499
-fj60nXzEZc,Entertainment,441,10,6,73100,3782.1,29,8818
fjPy6ZF-y0I,People & Blogs,1396,0,0,94900,13664.5,27,19386
g2eUIa7MgdM,Howto & Style,804,39,1,85300,4961.4,63,2989
82eR-Y-nVsw,Entertainment,816,24,2,35000,9974.8,53,29804
3QRme3u-m28,Science & Technology,600,9,0,45300,2790.5,51,17349
SKN75DDuiKg,People & Blogs,24668,2066,9,58700,143961.1,40,1161786
GnbF4iEuP4U,Education,2080,26,0,53000,38484.3,17,13851
OoSL1CMijk4,Entertainment,3101,0,5,89300,94061.6,21,28697
NVmzqL1x3cU,People & Blogs,3148,45,2,16700,50557.2,75,25327
0_aw3BNN-gs,Entertainment,886,89,11,18900,5486.8,2093,7565
yynXg_WlrmE,Howto & Style,182,0,3,13800,8259.3,954,1995
L1HwkFoOX64,Entertainment,1337,24,4,28400,24943.5,2020,17126
3cH5pY0YafY,People & Blogs,442,35,3,17400,8766.6,678,8492
8ytrUtITDRo,People & Blogs,5084,264,1,17600,276198.8,50,1418417
XdVZtpM6Myo,People & Blogs,117,2,0,16400,352.1,16,347
FBs5MLEFVRw,Howto & Style,489,10,1,10000,5022.8,50,21292
MCEq7M2t-ac,People & Blogs,7847,256,18,51000,403170.6,117,125022
pOw54IXsev8,Entertainment,3009,841,0,51800,12192.4,0,9381
H59w_WwdXGI,People & Blogs,1088,78,2,13700,6553.9,49,23779
DLEC9ALe5jw,People & Blogs,1624,0,7,53600,48687.7,56,9977
Ti7FPAnbJ9I,Entertainment,3578,53,1,63000,239602.8,18,73388
ziiQ7v87vJ4,People & Blogs,1291,0,2,44400,5801.5,53,8147
RCOL-cshU1U,People & Blogs,2221,102,3,10000,44173.0,44,62070
kEfgZWE9OFg,Sports,1338,21,0,72700,5699.0,9,34723
F_KLbit2Y8A,People & Blogs,1951,14,0,16100,19714.9,11,32825
h0RBRhepG5o,Entertainment,698,0,0,20900,25444.1,24,10438
dvuADLyJisU,People & Blogs,827,0,0,76200,50402.9,27,11549
pw415JLQa-Y,Education,52,1,0,14100,465.1,140,1837
Kp00myx0q4Q,People & Blogs,364,3,0,11100,4272.3,82,1129
uXQBvvSzdjY,People & Blogs,855,17,0,26700,7584.3,20,4675
C6KNfn9FUwo,People & Blogs,2484,164,0,15500,14051.2,103,77633
zg6Hpqvo_8w,Music,1437,9,0,30900,840.9,30,2093
feJJBlzmuKE,People & Blogs,4849,281,4,69900,68943.8,43,50200
QyZUOmlLV1w,Entertainment,8967,68,0,70700,37308.2,15,30033
OpBX3HmvtO8,People & Blogs,704,58,0,14600,15030.6,57,974817
TUapgAJfAiI,People & Blogs,3699,140,2,19800,39564.4,48,54504
VTTALr9Stgo,People & Blogs,5526,531,51,56500,29635.3,928,53301
kqJ4IwTj60E,Entertainment,1132,10,1,61300,21134.7,15,7505
0wgSb4U6xbY,People & Blogs,1114,0,8,73800,19446.9,45,11380
lU6B8G16FCY,Gaming,779,110,7,35800,6364.6,18,8185
0DL6lZJXWcg,Howto & Style,3087,89,1,26700,39723.9,10,88857
AUPYJgRqDbc,Travel & Events,2455,441,63,40700,43396.2,1374,39240
mIjCf4a9QyQ,Entertainment,9910,706,15,20700,150273.0,59,164780
prZCv_QigCQ,People & Blogs,4581,208,64,15700,74263.4,33,50119
UI5gHYpqirE,Entertainment,4691,143,3,90200,17147.2,80,85477
IMBO1F8aIik,People & Blogs,8114,514,5,49600,190092.4,82,414324
ygy6WRHggjY,Science & Technology,93,5,2,19200,3263.2,302,1401
pz1pVmDbAoQ,People & Blogs,4820,129,4,20100,13482.5,63,78856
WbxwytCBR3w,People & Blogs,1074,130,8,41300,17167.2,51,15069
Izn5ywJd6wM,People & Blogs,7703,104,0,64700,114207.1,36,443555
lp6YVLbHp9c,People & Blogs,4678,121,6,22800,40042.6,57,60703
dd5HvS4JyRE,People & Blogs,1009,149,10,31500,27088.9,99,13281
kX2zyNAJEEQ,People & Blogs,2661,28,0,25900,8276.1,67,9694
kPYAwruV3Pc,People & Blogs,1417,55,0,92400,38430.7,60,46183
uaEfwc7zFx0,Entertainment,934,0,1,29700,1399.7,45,1307
wLOAGG_79bw,People & Blogs,13,0,0,10700,460.4,44,615
Oxj-aZUl4CU,Film & Animation,347,702,29,40600,1464.9,3705,2701
uN7m5ob6MPs,Entertainment,6766,157,3,29200,423459.3,25,6151695
CUfqad4NcRE,Entertainment,1262,29,2,16500,4886.6,85,25667
PDkgs5iAAug,Entertainment,1241,70,10,37200,8467.1,54,8278
Hzm0A8z2TQQ,People & Blogs,1180,0,0,19900,4090.6,58,4679
1HIcSZ1cWNg,People & Blogs,848,28,0,12200,5914.5,69,25667
snow5BK-peo,People & Blogs,567,0,0,85300,1577.5,60,1821
8LcS3lEbObE,People & Blogs,384,0,2,12100,11379.3,19,28879
Wzw4FbIhHzo,People & Blogs,5118,710,3,88100,23730.6,42,137568
J7GP9t8nncI,Entertainment,2044,288,8,44500,60639.6,55,470816
x47dSrTsdBE,Howto & Style,181,2,1,29800,366.8,61,532
RMCkYIWRLHY,People & Blogs,1029,53,0,31400,10513.2,64,5537
UWynqJYfqDs,Travel & Events,834,0,0,22600,1427.8,89,8775
tTQiSnsHwIc,People & Blogs,274,4,1,35200,806.4,56,1146
dF1wfO60SgM,Science & Technology,541,8,0,45300,2791.1,49,18669
_5KjcdQOef0,Science & Technology,50,11,1,63700,2813.5,500,1315
YHco4yOZGSs,Sports,1604,128,11,46700,2719.9,58,14155
P3gftcDFXtw,People & Blogs,4867,31,0,42900,1882.8,32,11196
3cAe78VMi9E,Unknown,100,22,11,22900,1327.4,0,756
EP_ZJQtw558,People & Blogs,2232,646,78,96800,132053.1,149,16534
LkZBD3gltBI,People & Blogs,669,0,0,17400,1128.7,68,1761
GRzwrO2Dqmw,People & Blogs,1144,0,1,10700,186.7,63,1494
ULZtfILGzm0,Howto & Style,2164,0,28,64000,27664.0,56,32414
7rUSMJo3TrU,People & Blogs,403,3,0,12600,1815.8,79,961
Q_ULyxy2Nxw,People & Blogs,2899,138,9,92400,7598.8,44,38496
EumVnNLwrR4,People & Blogs,27546,6958,62,26000,902896.5,38,1216711
DnCYMwWmzAA,People & Blogs,5448,117,0,10800,9132.2,21,45967
ek9NnptoZ9Q,People & Blogs,533,32,7,12500,8445.4,1198,3765
MdwYc67dT4Y,People & Blogs,5309,1381,2,30400,6590.9,56,228789
xl6CBbpba_k,People & Blogs,5714,501,29,28600,72705.6,1090,33404
0JGWeP0psic,Entertainment,5996,1142,7,61400,8359.6,8171,12758
LIshnNGY0_4,People & Blogs,4565,70,3,12500,8446.7,70,17087
OmrOZBN8JBU,People & Blogs,3295,103,4,12500,8447.3,60,11718
vo6-1dAiDio,Science & Technology,413,54,17,80900,8464.6,376,7103
vihltJ85_7M,People & Blogs,949,23,0,58000,456.0,68,14539
31Kx5YA5Fms,People & Blogs,642,13,0,48600,3552.6,751,6495
-nwIggjfAH8,Entertainment,1493,69,2,11600,4125.9,77,15743
pTZGEaGP2c4,People & Blogs,521,49,6,55000,13585.5,2247,9910
hR56aoWmwKQ,Entertainment,1671,491,34,36300,14283.4,1222,19421
8JLw-Rgm7R8,People & Blogs,466,98,12,14800,13701.8,1602,10304
22vZdAyOjFM,People & Blogs,58,6,0,47000,1475.3,15,1046
xHYSrRwcNYQ,Sports,299,48,5,26300,4038.1,1062,4999
jbshFNs2ft8,Gaming,666,28,1,14800,2575.7,72,6458
CtCIgfhqw84,People & Blogs,183,25,1,17100,3650.7,1367,3393
4Kmzn1ZnEuY,Sports,3245,95,0,21200,4743.4,0,21615
RaWB1eQoA5M,People & Blogs,2195,35,0,58800,1839.4,16,13634
YlyVcACHbP8,People & Blogs,1002,61,3,13100,4417.0,127,7861
dUIlOqL03z0,Entertainment,877,18,0,90700,3979.1,25,21613
NqU0hMQqNQE,Howto & Style,162,6,0,24100,4592.3,13,5212
vnrgN-y3Egk,People & Blogs,777,67,6,20000,600.7,1297,3423
s_JBo3Xcwc4,Howto & Style,241,1,1,11400,323.0,37,301
Dmgq1ukSYoU,People & Blogs,461,142,21,55800,2457.3,436,6318
7T31lXXxBQg,People & Blogs,299,6,0,22900,18798.3,33,4055
ghj7tC5JSOE,People & Blogs,518,17,0,44800,3024.7,55,1950
FFaB-3AG99U,Sports,1750,150,50,15600,2532.6,774,9365
p4XDQsSq48M,Entertainment,182,30,12,25200,3776.7,1034,3121
N96dKFC-qyY,Travel & Events,88,11,6,11700,4054.9,1355,2506
CF5mmfkwKJo,People & Blogs,0,0,0,12700,994.2,31,36
CmT3yyryKHg,Music,76,3,0,25400,393.1,25,180
96MJ6KfKrAg,People & Blogs,471,17,2,78800,27488.3,98,5600
puJgaoZO3OU,People & Blogs,736,157,12,32800,15081.1,3227,29909
K2VZ1BYSO0Q,Howto & Style,548,15,0,58200,3744.4,10,3919
aF__lQitmow,Sports,978,13,0,22200,2448.4,108,3359
vbQFzlACY3M,Gaming,21,7,2,13200,4656.7,103,17936
9cO47zl9XFM,People & Blogs,673,9,0,12600,1431.0,51,1301
6yED_X6z1-0,Sports,1532,36,5,14300,26907.7,2969,6120
UkeF1CrL-LE,People & Blogs,69,3,0,16900,721.2,11,837
9eeGW7i6DX8,Howto & Style,457,63,14,21100,2478.5,906,2968
pUTXugSyPwY,People & Blogs,13,1,0,16900,719.5,17,633
0PPsJ3A5uqo,People & Blogs,387,1,0,25500,2873.0,16,4173
W0n5ThpQopg,Entertainment,73,1,0,17800,214.4,21,314
g8Wgx0VeXDk,People & Blogs,5850,1067,20,98000,292657.2,118,200915
fi3A8ebYApI,People & Blogs,576,44,1,23400,2089.1,68,2851
oVdpxRq34D8,People & Blogs,452,9,0,12600,1432.2,118,1163
e840IkyiaW0,People & Blogs,1052,77,0,11400,44212.8,145,11020
0zgR9p691jM,People & Blogs,1082,117,5,40900,10226.5,2630,26907
xHpe3NxNcbc,Howto & Style,338,9,0,15100,1042.6,21,1684
2tfjWc61rZk,People & Blogs,497,35,7,20000,770.6,940,2319
YIqYaIPAt5E,People & Blogs,2966,38,0,10000,6060.2,61,36645
6uM2ncULLgk,Entertainment,2096,26,6,22900,6283.3,9,30817
AwxJsJGrQa0,Autos & Vehicles,615,3,0,10100,3348.1,37,2771
oN6a3quTrDg,Sports,367,114,8,75700,2871.4,288,2765
RCgKZ3cAgkI,People & Blogs,439,41,5,20000,782.1,460,1763
MCpBYiH255w,Education,1092,75,2,12000,21583.7,25,26265
WQjPSwK_OXM,People & Blogs,2032,152,0,10100,86203.7,62,25383
l3BJePoUGJg,People & Blogs,621,85,4,67900,48522.5,56,10513
Dk68xydsjM8,Education,538,51,6,93400,402508.9,82,9258
2Qtq9mxlb7k,People & Blogs,897,21,1,19600,80044.4,72,17468
3O2Y7VxoZ2Y,People & Blogs,801,158,7,11800,6135.8,175,14009
9Y3ufZUbGps,Education,831,9,0,18100,6445.1,54,2426
DD2VU_DBpjg,People & Blogs,579,14,3,32400,4890.7,37,5451
72Ga78O6FiA,Gaming,538,169,20,68500,22467.8,1968,9833
ANh_rbCoNlA,People & Blogs,598,0,5,62400,23675.9,43,5574
x1jRXcgiT4E,Comedy,4383,391,98,53600,12562.3,909,32281
qHZ7uHAYn_E,Entertainment,526,89,60,53800,10147.7,461,3223
X7DHjjPN5Lk,People & Blogs,143,15,0,18900,3464.8,960,3375
GVQkAADBUus,Gaming,465,53,2,30200,7520.2,35,21887
6kFhFMB-DQg,Howto & Style,152,23,6,91200,7750.7,921,16680
9qkYoLHm5zw,Entertainment,1083,173,44,53800,35718.1,648,9015
GU_aq-9yk44,People & Blogs,196,5,1,30100,3928.8,85,3839
JmccFXINbYc,People & Blogs,884,11,0,98300,7705.8,111,2222
h0SAp3A1paE,People & Blogs,754,5,0,54000,1015.8,28,1944
EAkqZObUdKg,Entertainment,9,0,0,49400,1115.6,19,574
ZB5JeB4tWv0,Education,463,1,0,13000,1607.7,39,2671
rYqHCiTTu9o,People & Blogs,811,29,5,38800,5002.3,6,4193
bbAzPLAVfws,People & Blogs,976,9,0,76300,1848.8,60,1851
gPiB8IP1VRQ,People & Blogs,2113,245,37,95300,22821.8,1167,26605
-dveoFauFiE,Entertainment,1294,0,123,63200,30488.1,899,18382
MxfMKyV_lac,People & Blogs,10738,736,18,62200,111053.7,95,234106
-HYy3uM1tOQ,Entertainment,1573,60,3,28000,2755.7,55,9231
2GbSDzMLjpw,People & Blogs,555,18,0,55300,9453.7,68,25564
cvyJ4TJ-0qg,Comedy,374,90,9,14600,228.6,133,2106
0o9d7hm2q-w,Howto & Style,261,3,0,84600,5307.8,49,4957
7wq71Q-0VKw,Gaming,180,23,12,61700,11022.0,1522,4556
OqxCUTInnoQ,People & Blogs,18178,767,14,39500,788859.8,9,613262
pSCc6RJBGsU,People & Blogs,475,15,1,44800,2797.5,59,1395
IFAx_H7F7BE,Education,493,6,0,19000,613.3,97,592
FHRDeVC67qI,People & Blogs,418,17,0,32300,872.6,24,1781
tx460ZmpJys,People & Blogs,263,48,2,17900,5020.0,60,3878
-40HICW1I8A,Entertainment,87,4,0,16200,2185.1,489,2364
7ri-F6eUoPA,People & Blogs,186,44,6,23400,1977.8,2933,2029
MIp9qPpxXw8,People & Blogs,96,11,0,10400,15244.3,998,2054
qlsml3-Lugg,Gaming,72,7,1,16100,1557.2,162,1609
5I9IuGlOhmI,Gaming,85,8,2,12900,680.0,803,1616
AwCpjNjHO2k,Entertainment,90,20,10,23600,1784.8,1046,548
_9QMJvIsTgs,Entertainment,528,8,0,34200,7523.4,13,28527
KDZ2xYUcrak,Howto & Style,984,231,14,27600,21023.1,2930,6733
-KbOWWNaAkA,Entertainment,2,0,0,30800,4.5,10,203
hTMOs9Ph1WU,People & Blogs,1413,91,0,64000,700.7,80,19305
j7jjQb0XyQc,Howto & Style,702,30,2,14100,1776.7,63,2241
_jrtXlZEK2U,Entertainment,756,4,0,42400,9886.6,170,2886
uQYgqpJBRLA,People & Blogs,1454,83,0,64000,701.0,167,5375
OxKfD6cD-hM,People & Blogs,2012,377,45,72300,14953.6,785,15181
6g0MNAVGd_M,People & Blogs,3083,468,23,23500,8426.1,153,26770
KgqLYfIANoc,People & Blogs,1910,88,1,12000,14144.4,20,171023
gl56pk-JwDs,People & Blogs,5111,270,4,12000,14144.4,16,307859
yR8ottPGzjA,People & Blogs,1185,221,51,11000,11324.8,1409,10083
V5j8EuFlqY0,Autos & Vehicles,180,20,0,25900,5202.1,1056,6642
cffDTMLw9Uc,Gaming,596,4,1,37700,379.8,66,699
eg1wS3_Aso0,Film & Animation,912,0,4,33800,13030.5,47,10150
fLJNIh8-b7A,People & Blogs,243,0,0,46200,9940.2,22,1919
PLqXGSpJYow,Gaming,7952,208,7,39800,19988.6,27,248316
strK_iQRWxY,Music,2049,113,6,50500,3541.9,109,7197
Zf_JhmEbOI0,People & Blogs,4921,149,2,100000,14683.3,40,39526
8j472g7HyhU,People & Blogs,817,13,3,61000,3358.1,42,4030
4JyA64_y7Y4,People & Blogs,1052,40,1,22700,7492.2,86,4415
kPUtdegJO9g,Gaming,12082,184,9,94100,248579.1,29,16476
yRTO4YqfBX0,Sports,521,0,0,23400,742.0,63,1015
10TsEpeyNYI,People & Blogs,4247,127,2,100000,14683.3,38,23795
eDwA-s6_c3s,People & Blogs,2379,17,0,10900,2296.6,16,11101
3e0lY1DQE0A,Howto & Style,541,8,0,38300,1982.3,37,1038
kob9Mg82sDw,Entertainment,3190,689,66,27500,39477.8,845,95873
xaUAbNHQeZI,Science & Technology,17,1,0,35800,348.9,279,88
ZX1QUrDVq_c,Autos & Vehicles,302,12,0,20900,2100.1,50,1300
yyRprHSIR4I,People & Blogs,330,0,0,10700,3639.9,43,6994
-sIZK9bw_wk,People & Blogs,88,8,3,52300,315.9,72,324
s8ibXr1oOHY,Sports,450,0,0,82700,3113.8,18,9457
wJvcU6McioM,People & Blogs,3254,171,9,51300,195380.8,134,82177
7kP5negQO3o,People & Blogs,733,2,0,13000,29327.0,31,18163
WDsu-igum2w,People & Blogs,487,8,1,54000,1145.2,59,4585
wzwZMPpjArc,Comedy,445,6,0,21000,16481.6,40,10947
igSvMo-2L_I,People & Blogs,1640,0,4,61700,14350.8,48,17277
0PEH1BAp934,Film & Animation,363,36,4,13100,9222.5,159,12291
uA368cHmGxA,Education,244,17,0,21800,268.5,53,1024
8TFd-jOG8JQ,People & Blogs,643,6,0,16100,22115.5,11,28644
foA1CDDVyhM,People & Blogs,41,0,0,19600,1297.7,48,1190
Tn2n3FVnf-A,People & Blogs,141,5,1,15700,1233.4,113,227
7A0EfnxxExQ,People & Blogs,1758,66,6,17600,14028.7,13,15873
h4nO7nkpVtk,Entertainment,756,11,0,14100,5555.0,11,29375
DBh8gNee530,Entertainment,7132,208,5,34900,49068.9,14,404965
QezlHQMdBnA,People & Blogs,87,2,0,33600,2795.8,16,400
rf15rof0ADI,Entertainment,1076,9,1,29800,314.2,11,3040
kV0JUGS64c4,Education,652,0,0,13000,1192.5,9,1562
E6U3qQqC91g,Comedy,2776,14,1,39000,24112.5,10,34465
vySFrCBEtwE,Entertainment,7631,174,2,34900,49068.9,16,266913
9H4x0SYMCSQ,Entertainment,2757,36,0,34900,49068.9,14,130878
uRVKOAgBVgE,People & Blogs,8001,46,0,91300,6172.4,8,283560
izSOCvby8UQ,People & Blogs,435,4,0,24700,2358.3,21,6529
674oJaGSJd0,People & Blogs,304,3,1,24700,2358.3,24,13342
2W8fNXEma80,People & Blogs,852,6,0,24700,2358.3,27,9684
gjpb913UXWE,Howto & Style,5919,90,6,61000,33057.5,49,44201
ffrYwiIQuFQ,People & Blogs,1452,17,1,24700,2358.3,23,21862
VTKjNRp2ALI,People & Blogs,762,5,0,24700,2375.2,25,9430
uZej1-mqCSc,People & Blogs,693,9,0,24700,2358.3,23,4394
TUb9hXWnjxY,People & Blogs,487,15,0,21400,3389.2,37,15311
X1rwzpJY00w,People & Blogs,2053,102,4,16500,30869.6,55,31271
TTl10s9ZEd8,People & Blogs,1530,9,0,49400,8794.5,5,15879
gNbDCgHVZEg,Entertainment,2853,383,4,75900,84819.4,58,58590
m2Up73NDw3U,Entertainment,2252,34,1,61500,12211.8,49,15628
SsSq3dmepYY,People & Blogs,499,5,0,11000,1989.0,61,32507
2lSKc_wrRAk,Entertainment,1287,80,2,22000,20689.9,93,20765
tzD09XhAoIE,People & Blogs,748,26,1,42600,6109.9,8,20987
-FnOQkcKIhk,Entertainment,308,12,0,26300,3884.2,65,1196
WqWo5tX-yBY,People & Blogs,715,6,0,14800,733.3,45,1095
0z2yF_gpyOQ,Entertainment,720,56,2,28100,3367.5,82,5439
2rrfsXLGoIE,People & Blogs,557,32,1,18100,7149.1,23,2649
YO74gc1eSaQ,People & Blogs,263,3,0,32400,359.7,41,656
xEJTzH3ysdo,Autos & Vehicles,1130,27,0,75400,9805.7,165,10449
DyUZ8VuqBg8,People & Blogs,2571,6,0,11100,25207.6,8,49446
Vmf08DjnhcQ,People & Blogs,33157,220,2,44500,89182.6,24,2042967
JfEW7LRwgXw,Entertainment,387,12,2,21200,7098.1,54,5575
n2e0xhZkcjY,Entertainment,3111,109,0,35100,41829.7,53,24828
s2cwR59wnhE,Science & Technology,155,4,1,54800,1879.3,67,1229
kV2SknWEX9Y,People & Blogs,779,36,0,26900,1422.4,11,2877
tnmaM8_INB0,Autos & Vehicles,632,4,0,10100,1723.7,37,2579
PxTOWj88Cf4,People & Blogs,5482,0,1,56600,58096.9,22,941656
orzc31QYdCo,People & Blogs,1037,4,0,14800,1011.7,7,44578
EJr95mXCkGw,Entertainment,517,15,0,16200,2120.0,16,1550
wZNdd7OhGkI,People & Blogs,413,6,0,20700,425.9,44,924
JlMWgC7-5WE,People & Blogs,262,1,0,20700,409.6,47,317
-EDjGNi6pXU,Science & Technology,532,11,6,53800,4600.9,71,5139
0-x9yrRs3SY,People & Blogs,590,4,0,20700,409.6,38,758
Y1r0ATaA2Oc,People & Blogs,2470,13,4,13000,640.8,26,3525
A-6jmS5DqeE,People & Blogs,652,4,0,54500,5840.2,11,7334
Jmx_I4KAncg,People & Blogs,568,12,1,13900,2067.6,44,1814
FUxjXIY02Jk,Entertainment,585,71,1,23900,28606.7,82,6383
nVfToNGFUWA,Howto & Style,571,11,2,10600,1062.2,57,3017
1YsNtmCeAPg,People & Blogs,502,0,1,22200,1383.7,34,1406
2QpQdlfvRGI,Travel & Events,4038,93,2,17700,15940.5,51,86484
BSZA_iADx3Y,People & Blogs,823,22,0,67300,2333.3,37,4507
VRG5_KUF040,Entertainment,568,17,1,94000,2863.6,51,2368
mif9zOwDI_I,People & Blogs,1118,106,0,26300,12470.2,56,47695
7HQb0xxzOxU,Autos & Vehicles,127,9,1,17800,1012.6,1116,4661
DYUygOvKYII,Howto & Style,777,40,7,39500,3808.6,109,6323
GIa-p7ENjC8,People & Blogs,426,2,1,10100,861.4,61,688
eGDpWzUk09s,People & Blogs,75,2,0,52800,6968.2,37,4233
ifQQQqYPb8E,Entertainment,583,52,11,22500,954.5,3530,778
V06maawfRDc,Entertainment,2110,72,2,21400,17963.5,65,15289
JEfXdxDJbkg,People & Blogs,623,60,11,20600,10921.8,47,7936
-auzNyXTmmw,People & Blogs,10835,2792,276,52300,235146.2857142857,484,153901
MwDsCuU1YHk,Entertainment,670,45,4,27000,13264.3,467,6305
BMDOMGAdaB0,People & Blogs,447,4,0,16100,3564.4,54,3482
fbKBNUXkuC4,Education,5132,44,0,11600,1813.2,14,14907
w410wT5qlR0,People & Blogs,5551,773,14,66200,92209.9,21,168944
vBzQve1M9Dg,People & Blogs,2583,0,0,92600,9893.4,15,17806
ceu0MdTaGNQ,People & Blogs,1017,3,0,16100,17851.7,11,37770
hQAIxkiS5tI,People & Blogs,5154,189,4,23300,11261.9,50,19222
AMqANkMI9dU,People & Blogs,468,6,0,15700,1294.7,46,2039
LAEaaH_rrzs,Entertainment,5174,0,0,17600,19529.5,43,28429
FcSsqg-ajO4,People & Blogs,458,34,4,18500,9816.5,1201,8302
7G40p-BSYLc,People & Blogs,1751,325,17,61600,10309.1,1349,13392
I70oUoD7wd8,People & Blogs,2020,105,1,31400,14559.5,55,14299
2gSmvdWHMqc,People & Blogs,2191,82,8,21000,10134.6,45,23312
FsJ6xwKWPAo,People & Blogs,7655,791,16,57200,71280.6,129,112859
8jnWThKVuIg,People & Blogs,967,366,15,91000,4755.1,859,6879
NmVBVMoy1wk,People & Blogs,458,4,0,35000,947.8,29,920
9ywarAPyEys,Comedy,5246,587,49,24700,31983.8,2052,46629
Kn46CU5J55M,People & Blogs,343,0,0,49400,2758.9,4,32789
sXKCCrvzav4,Entertainment,4714,77,3,35300,43741.1,14,300633
wAUU_bNc0DU,People & Blogs,402,6,0,73200,2777.8,64,2804
IOtKvY6w4F0,Gaming,146,7,2,14900,430.2,483,9397
CaHY52uwai0,People & Blogs,922,56,0,13100,6823.4,93,11051
c1FBVx-Ht-w,People & Blogs,232,0,0,12600,1021.7,43,600
63btNC1aPw8,News & Politics,703,11,1,84300,1656.3,138,6729
ty0gTr4f6cU,People & Blogs,2586,75,0,92600,25539.7,22,54472
vEy2nmeHRMc,People & Blogs,67,0,0,18800,467.7,50,582
ewHWn4gKjL4,People & Blogs,280,36,7,34900,8028.7,622,6730
yql88o5Y9co,People & Blogs,441,2,0,20700,413.6,51,1276
7sQoNGk9Fy0,Travel & Events,1177,31,0,46400,12580.5,43,5411
zHd5AGUWz9k,Entertainment,402,5,0,33400,570.6,22,580
hM1rpPafLto,People & Blogs,1569,20,0,22100,1459.0,8,12992
CYrif8Zk5Xo,People & Blogs,136,3,0,11500,122.0,7,226
WiaKnXLrTs8,People & Blogs,12,3,4,13500,43.8,1041,60
F3Ujsg6976M,Howto & Style,121,0,0,25500,927.9,26,336
RoMHKs48P2k,People & Blogs,53,2,0,33600,1135.8,16,248
xv58x8DjVK0,People & Blogs,5219,0,3,90700,49305.5,70,20461
oPQrKFdhR0M,People & Blogs,8570,274,3,14000,110424.9,37,154313
Qkdv8uQ3Sc0,Howto & Style,1338,35,2,45900,25544.1,68,199280
aaM6B91sZwU,People & Blogs,5811,624,33,86800,942869.2,117,133236
4ChrH4GqLy4,People & Blogs,342,2,0,49400,2953.1,5,19259
XuhGXbzpPCc,People & Blogs,907,12,0,65200,2858.4,18,11276
C_0ywIYEffc,People & Blogs,1428,22,2,92300,8060.4,27,14043
o6rXKUYLBxg,People & Blogs,951,3,0,13900,225.7,44,1273
8Oieo1tFHE8,People & Blogs,1246,19,3,28700,9754.3,46,13292
F_5fyXlWD-A,People & Blogs,933,0,0,27600,11354.6,43,18650
0DZwOlirNOM,Entertainment,1224,4,0,23100,4400.2,39,29137
FUHrjEZFnCA,Howto & Style,763,15,0,32700,2178.7,78,3616
vZc7UJK-fM4,Science & Technology,38,3,4,72500,1707.2,1129,957
UVWfnsW3Uug,Howto & Style,687,0,3,15100,2325.0,39,1464
98rNnwM7Ajw,People & Blogs,0,0,0,55600,499.6,69,16
AheRPJpVFD4,People & Blogs,44025,3008,9,62100,357064.9,60,332712
6TEuoOttL80,People & Blogs,3,1,0,31200,1362.4,401,73
u7Na6DljW0s,Film & Animation,255,37,5,31300,9435.0,41,2454
yDsKu32QCQI,People & Blogs,258,7,1,12500,14433.8,42,7443
ckavUMBgOs4,People & Blogs,566,64,0,11100,6111.5,1493,5275
7hpxFsDmrYw,People & Blogs,2300,109,2,48100,104831.8,37,201900
gUdke9p_C98,Entertainment,5273,0,55,14200,27346.5,37,29447
3egSsxQ8M8Q,Howto & Style,983,5,0,61700,4986.4,17,43764
vC15vz7RQTw,People & Blogs,1108,6,0,49400,2560.3,5,6488
-lE7tV3Q_2I,Entertainment,1300,0,2,39600,44508.6,47,12326
0KBG02DqGXc,People & Blogs,868,4,2,16100,15850.2,12,34521
X6Rk8yHfFss,People & Blogs,2374,86,19,77400,13476.3,541,31717
UNEMQ6LrRh0,People & Blogs,950,17,0,26800,15490.5,38,28760
iRR5hJpkT00,Music,175,1,0,76500,810.0,38,263
P0Umsoq66Uw,People & Blogs,392,0,0,59200,14547.0,39,12031
JAgIwLdSpJI,People & Blogs,4105,292,1,31200,167976.7,8,136131
je-buHSct0U,People & Blogs,23428,121,0,44500,76029.4,21,45336
1VQwCHZZ6u8,People & Blogs,5468,752,17,88500,29538.1,29,235811
-KO2c1XNEtU,Entertainment,522,17,0,94100,2939.6,51,2286
z6e3ti8qrms,Entertainment,434,59,4,36800,11473.1,63,26699
pHdfyDyumbU,Howto & Style,819,17,4,83300,15586.9,20,40895
E6jcVbxzmzo,People & Blogs,359,0,1,13700,594.2,38,2204
S7KgWgVAPn8,Autos & Vehicles,2282,209,2,43700,38727.0,100,34640
uXZHn2qBlc4,People & Blogs,3904,130,40,16400,33796.4,17,92042
azjRo46us-o,People & Blogs,6154,250,0,16500,32971.9,18,78332
Vl2Ltzo3n90,People & Blogs,413,23,1,22200,1080.7,36,2881
6yOFX8tM1mA,Entertainment,1068,3,0,30800,297.3,10,1455
FP1D8CLeIpI,People & Blogs,0,0,0,19300,753.0,26,1244
ll2vY42ivLY,People & Blogs,1485,158,3,45300,40728.2,94,127862
D9XYeYTpLPU,People & Blogs,339,0,2,23600,3431.1,36,1670
YGfKkUF6igI,Comedy,713,13,2,19300,8339.0,74,7835
qWizBSYja3s,Science & Technology,663,23,0,53800,4134.8,54,5510
6MNFbC90BoE,Entertainment,6175,244,0,36900,129780.8,60,558617
OVSL2VhS1n8,People & Blogs,1799,0,1,92600,9146.5,18,14305
C42PK7Zsk-I,People & Blogs,860,11,0,65200,3167.4,26,16680
S85L-jRYtbM,Howto & Style,4234,0,28,64300,25663.7,51,47338
xqKhy-1qIwQ,Pets & Animals,1266,17,0,49600,10277.8,29,14325
3Be6a5DQMaY,People & Blogs,1588,16,1,10500,1943.0,53,2844
kx0KJJWeMc4,People & Blogs,5166,160,0,13100,21390.8,18,75381
uS3fG4_vvF0,People & Blogs,1321,81,0,17000,16506.4,36,13252
EulhRC8IPDQ,Science & Technology,695,7,0,73000,1323.4,34,1990
fJzYZDpT5Ao,Travel & Events,1808,0,0,22700,2333.8,72,2697
QcpzATdy_PA,Gaming,13650,3416,73,86500,112990.2,175,430979
ueCAvo5cVzQ,People & Blogs,3341,0,1,94900,14498.6,29,23422
B0W_ibUmJ24,People & Blogs,5592,46,0,21200,32398.9,41,28359
TAyofR0w6gM,People & Blogs,7731,277,4,53500,78660.0,61,97066
xBF4bX_NEGM,People & Blogs,729,151,27,35500,9971.1,258,15294
C1eVv2tEY1w,People & Blogs,194976,0,2,22800,4643601.2,13,3657519
CuWOQ1F_dzg,People & Blogs,1599,16,3,65400,75869.8,31,28043
v6DUe0X5rlY,Education,653,59,29,18700,9958.2,685,8092
HbgIorYvlxE,People & Blogs,1182,0,1,11900,9357.9,30,13502
KuzIbMBdWtg,Entertainment,3345,0,1,89300,33752.0,27,29616
WGtitwu4lgg,People & Blogs,1408,0,0,10200,3948.5,56,1905
jMHJqP-iOcA,People & Blogs,1562,7,1,19200,1939.5,41,2135
cvvxt2kgbZ8,People & Blogs,9543,769,23,35600,153038.3,54,170558
BXnEIR1bOAE,People & Blogs,6088,335,2,46200,197945.8,60,216913
BrbF8F_SERk,Autos & Vehicles,1877,6,0,66800,3221.4,33,61590
JV_yr2Om5R8,Howto & Style,355,10,4,10600,659.3,50,1598
Lmc96Rc501w,People & Blogs,20651,0,1,88300,117771.9,11,681894
CltSBWUdnss,People & Blogs,200,5,0,58900,7560.3,1927,7206
XdODYubIzfo,People & Blogs,10127,765,9,49900,198077.2,74,224089
1JU31BluUj0,People & Blogs,1745,245,12,30100,15972.0,170,24549
CYeVHZ-Khrc,Comedy,277,0,0,41700,1147.1,25,2003
a-jP53Z6Iag,Entertainment,778,21,1,41300,3748.4,49,26850
xvL_AL8RqL4,People & Blogs,763,0,2,44400,8101.9,45,13428
x28jdNYkBi0,People & Blogs,232,1,0,15800,725.1,31,278
wTSP2lNCgGk,Entertainment,485,0,0,24400,31133.2,22,44457
_QqtzbMBdhc,People & Blogs,409,0,4,20700,13112.6,34,22717
EwRBA36Jcro,Entertainment,2527,0,3,92100,27186.5,21,27835
oF3rTXRL4IM,People & Blogs,715,4,0,61100,3017.6,31,1096
uj53pI-mDRc,Comedy,728,4,0,40600,3789.0,13,3639
EDRRJYZav1k,People & Blogs,400,39,3,92600,12326.4,38,3115
644cCYX-128,Entertainment,682,6,0,51800,1702.7,59,3455
XHDsWtwVEkc,People & Blogs,1216,0,0,11200,11592.7,41,218507
zFIzuchYk2Q,Education,480,8,4,37800,32352.6,53,1576
ddnRsoHZUaE,People & Blogs,916,3,0,35200,976.9,55,1214
G5hoyHuthUU,People & Blogs,2326,155,4,35000,18474.1,31,28675
4OxDCSEn1r4,Entertainment,1723,77,0,59700,17716.4,180,14227
Tnvsl-Mf_to,People & Blogs,743,28,0,94200,8544.6,48,6045
hebs94uySAg,Entertainment,1716,40,2,30400,684679.8,32,59250
ykPfid5PTbc,Entertainment,1326,62,0,17900,3053.4,56,16991
VjblH52XjH8,People & Blogs,712,0,3,37900,65301.1,124,7019
R8mb3yTLtiU,Entertainment,321,25,1,93000,3673.6,217,3856
tJIuv7xBL60,Travel & Events,116,1,0,11600,648.4,33,344
Nx-xhZ5QM6g,People & Blogs,994,13,0,12400,1101.2,48,2013
skWMLR9nbso,People & Blogs,846,86,11,16400,5730.8,1054,6415
WUJxCP5MBi8,People & Blogs,227,13,1,28700,4925.3,181,2120
gnpEKni6sMA,People & Blogs,4652,0,1,17400,1332.6,58,7656
sYLOKchmVwo,Howto & Style,2039,0,0,39300,14103.1,117,3911
oVggK3lzZhE,Entertainment,258,94,8,12600,1803.4,1027,2118
fMCr-O03Vrg,Sports,974,7,0,28800,2113.8,13,2764
MIfAJth45W4,Sports,4598,16,0,95600,121689.2,16,20850
choeoostg4M,People & Blogs,313,2,0,12600,1545.2,118,936
EMNGgqJWV3U,People & Blogs,272,16,0,14300,2850.3,35,1818
z2QQjU5wVPE,Comedy,680,10,0,39100,31302.6,11,27791
qabqaekAhNU,Entertainment,2902,382,6,73100,39244.8,91,29824
9P5Fy0emWRI,People & Blogs,353,0,0,17200,1051.5,27,1114
tTutaQYwIf4,People & Blogs,287,0,0,11300,810.8,60,1087
3p1NZ2T6X_M,People & Blogs,427,9,3,25300,877.2,22,1307
OwQcPfNaAGM,Science & Technology,458,4,0,45500,1502.0,57,2509
dajl1WoBVJ0,Howto & Style,288,41,7,20200,3134.5,2218,2999
v-Qj86Dji2Y,People & Blogs,407,0,1,13900,5346.6,1702,5399
rH87lG6TSxI,People & Blogs,230,15,3,12300,3975.3,202,3193
vwaaiMhOwJE,People & Blogs,727,29,8,23300,12986.7,11,14236
Rtb2HuGDLBs,Entertainment,2691,191,21,37200,5838.8,47,29093
7mjCPX8_M8o,People & Blogs,446,79,12,12600,4748.9,2144,5073
d2BUR91bNv4,People & Blogs,173,4,0,47200,1444.6,19,13320
73Ivr2IIcNw,People & Blogs,940,99,3,67100,46419.2,104,8689
lzxYXiu_Y_0,People & Blogs,386,8,1,13900,4596.6,40,3960
-kRQGi2lGcs,People & Blogs,232,24,0,64700,181.9,61,3516
p3x3v8BDxHI,Film & Animation,6384,752,143,92500,37067.6,173,48758
uBdNFqnhezU,People & Blogs,4670,262,3,11600,42469.0,87,93316
tFVprRkZy-4,Entertainment,1299,378,16,47400,10591.4,1560,11601
Fj36zkMmLjc,People & Blogs,4673,79,1,87700,57221.4,11,154238
wgBkzxuEV2I,People & Blogs,1064,5,0,24200,880.4,31,1360
mwqi8gefBI0,People & Blogs,754,117,5,18300,4371.6,151,4463
yh2xGuHAnmA,People & Blogs,4321,31,2,12100,2160.0,75,15781
RP9SpvQTRSc,People & Blogs,184,16,0,20000,334.5,604,944
9YB6p0gU7Ac,Science & Technology,1391,25,0,88700,22159.9,19,18511
VdlwopA7V-8,Gaming,714,22,0,13200,2098.4,74,8871
SdWmHBMo89s,Entertainment,437,4,0,91100,3510.3,34,9089
N-MZj7eTLjY,Autos & Vehicles,916,2,0,22400,10053.7,16,28382
eX77DJnvW1U,Gaming,574,26,7,24800,2044.6,48,2604
b1QfQBY6T6E,Entertainment,268,0,1,35500,4222.7,1136,2782
FlvJpxudpy8,Entertainment,14808,1222,10,84200,132358.4,90,173013
vvAjDmIgssE,People & Blogs,1038,72,14,17000,10299.1,54,18466
GXBwgPbRTZo,People & Blogs,399,22,0,91500,3531.3,43,2675
ZYk9ZL_O6P0,People & Blogs,2479,106,0,42300,26160.1,25,18346
0HXuVSjUS7g,Entertainment,121,29,3,20200,1989.3,2459,1626
sniNyJH0eJQ,People & Blogs,2289,145,6,19400,13953.8,126,20110
hyr9drelbdw,Howto & Style,408,57,0,79700,7243.375,1245,3916
HvzPWRFiVC4,Entertainment,192,40,11,62000,4320.6,247,3945
N9fXIcve7NE,People & Blogs,453,80,7,39900,6442.7,2684,6368
mVzLv57CSkI,Science & Technology,18,4,1,19000,1198.4,151,1332
FZf5mtjphEo,People & Blogs,704,1,0,56800,406.0,19,7129
UdFPSUnv-HY,Howto & Style,1,0,0,12000,83.3,154,27
D4tpK0ur7E4,Howto & Style,8,0,0,59600,207.3,199,40
zD7b91lq3HA,People & Blogs,76,3,0,65000,49.8,63,881
UeRMzK9sZQc,People & Blogs,80,4,0,65000,49.8,56,856
zILjqZ6lc5E,People & Blogs,592,139,10,35100,9494.6,127,5594
jtZmF5zts04,Education,367,13,0,37300,5330.0,27,13347
eojEK8iE7JE,Entertainment,1390,26,0,18800,26898.4,16,112600
7GJGlRhFqiM,People & Blogs,331,33,3,14100,3562.2,2095,3841
iXHjJcs3vZ0,People & Blogs,188,2,0,15600,8348.1,23,10849
3J_cNSKIpl8,People & Blogs,562,91,4,40700,7147.4,1176,5664
9gxOpc6ewjo,Education,332,22,2,53800,1947.9,152,1453
nML8grNZILw,Howto & Style,83,2,0,65200,10470.3,18,26565
TTv_JdUfyrg,Entertainment,477,104,4,15300,2783.9,180,2929
y7_QMLcWlMY,People & Blogs,1035,130,7,59100,13218.7,86,14050
zb0cbNn2XNA,Music,79,2,0,19100,499.7,38,866
nh32qq9SeZY,People & Blogs,2158,105,3,56600,2390415.8,124,2365358
V1b_OqsN7xw,People & Blogs,96,37,6,97300,1982.3,1824,724
cHJ2QxHXl0w,People & Blogs,682,113,3,14800,76294.9,113,65718
74Yl86mDUR0,Entertainment,476,99,8,13500,1726.9,162,7058
ZVOspUyhgNw,People & Blogs,180,10,0,65100,272.6,83,2858
yG2AOqRbvBg,Education,1257,88,2,24700,13873.6,72,23381
YRwaRrSNrQ8,Entertainment,242,0,0,67800,327.6,131,34897
VnzSuqgKoMo,Entertainment,633,12,0,39400,3526.7,32,4627
IjO9VpcEe_E,Howto & Style,34,3,0,70500,758.3,48,1888
0Bcd8v9s0J0,People & Blogs,745,125,10,10800,38923.2,57,12784
9EzCYSHxLIw,People & Blogs,80,4,0,65100,272.6,89,878
MpQekSmFwa0,Entertainment,453,39,8,30500,507.0,656,2054
GsCCuAott8Q,Education,45,10,2,11600,397.8,586,280
0pnJ2PnkK4A,Entertainment,5911,493,16,77700,96970.9,39,29397
xSJhvuO0E2M,Entertainment,1,0,0,30800,3.1,10,10
jAbxET8YmMo,People & Blogs,2641,331,48,17900,17410.8,1775,21433
tmTXz-qPb8I,Education,748,25,1,83200,1957.3,27,2066
lo0HXl1ZBWs,People & Blogs,1518,102,2,14700,65053.1,46,16403
N4RLRQHnS2g,Entertainment,1049,4,0,36600,750.6,8,2332
9HWTNPTL4Ck,People & Blogs,194,40,2,68100,3091.8,613,891
mEh5Mt8w5VM,Entertainment,4363,26,0,48600,11499.3,22,37703
v3zLShic1zc,People & Blogs,1269,65,8,17600,9888.7,111,11736
udJcoH6-baE,People & Blogs,2948,534,22,65400,20510.0,61,30009
QkydMg6x2RA,People & Blogs,1037,68,4,15400,31915.8,50,22614
GzPwX_OxL8w,Gaming,4328,472,71,54400,18114.9,54,57529
QOUgBG233-E,Entertainment,1514,262,7,12200,51556.1,105,34339
A84TR-p6QHk,People & Blogs,170,20,3,18100,4442.8,2914,4474
kPpUxcBXYvA,People & Blogs,1443,43,0,27800,1295.5,45,17001
BknNG440NUE,Education,857,99,13,23500,6877.5,1237,14676
N8YZ9a7-ePg,Entertainment,428,0,0,43200,1193.9,43,3018
0Le3_Rm4X_Y,People & Blogs,1910,409,25,85500,24575.5,1356,35454
Gg1Jrildnns,Autos & Vehicles,1421,225,1,25700,33138.6,92,16447
APjUn_RsNnw,People & Blogs,1642,102,0,22100,1828.6,9,15163
Y8O1cuBlYIs,People & Blogs,128,1,0,10400,372.4,41,951
6Wek_3T06gQ,People & Blogs,621,8,0,16100,10518.7,35,3040
_m-wzryEg88,People & Blogs,777,11,0,24700,1054.2,28,8701
6lwM1mHtVP4,People & Blogs,875,5,0,24700,1059.4,20,5770
lV3EaiNMuKY,People & Blogs,1583,12,0,10900,2521.8,16,9318
3QcMraXEtLQ,People & Blogs,709,29,0,43100,481.4,22,872
zu2RHn3kZkE,Comedy,499,0,4,40000,32195.6,41,128903
g4EBA64lCjg,People & Blogs,816,7,0,11500,16739.2,52,9500
UV5fY6t7-0s,People & Blogs,650,6,1,10600,533.5,121,975
XIWRAGqvjgA,Gaming,948,5,0,62600,2493.0,27,1912
